block,head,n,n_images,frac,ratio_mean,ratio_std,ratio_min,ratio_max,ratio_range,cosine_mean
0,1,22,22,1.0000,0.627727,0.049941,0.520817,0.717473,0.196656,0.965269
0,2,22,22,1.0000,1.282819,1.487245,-1.498005,5.746522,7.244527,0.967041
0,3,22,22,1.0000,1.198651,0.195580,0.952275,1.794970,0.842695,0.985047
0,4,16,22,0.7273,1.233793,0.468515,0.321461,2.237022,1.915561,0.940947
0,6,22,22,1.0000,0.636218,0.036673,0.573579,0.701366,0.127787,0.928982
0,7,22,22,1.0000,1.075702,0.032321,0.999784,1.120294,0.120510,0.995515
0,8,22,22,1.0000,0.776796,0.035389,0.711103,0.847576,0.136473,0.986169
0,9,10,22,0.4545,1.807456,1.361106,1.111581,5.483618,4.372037,0.963371
0,10,22,22,1.0000,0.991321,0.318629,0.622013,2.256253,1.634240,0.971453
0,12,3,22,0.1364,0.722018,0.038993,0.685733,0.763247,0.077514,0.923460
0,13,22,22,1.0000,1.093066,0.055195,1.016998,1.232146,0.215148,0.978306
0,14,22,22,1.0000,0.885898,0.299676,0.206666,1.602098,1.395432,0.971754
0,15,22,22,1.0000,1.218727,0.028807,1.153357,1.273907,0.120550,0.996882
1,0,22,22,1.0000,1.117688,0.026797,1.084784,1.202452,0.117668,0.990160
1,1,22,22,1.0000,0.929859,0.054613,0.786528,0.998071,0.211543,0.991609
1,2,22,22,1.0000,1.120815,0.118884,0.999799,1.373872,0.374073,0.976566
1,4,22,22,1.0000,1.118776,0.378845,0.517481,2.430288,1.912807,0.969205
1,5,22,22,1.0000,2.109414,0.063462,2.012916,2.268104,0.255188,0.942062
1,6,22,22,1.0000,0.972580,0.028362,0.915071,1.035910,0.120839,0.995860
1,7,22,22,1.0000,1.260665,0.044382,1.192157,1.336344,0.144187,0.978094
1,8,5,22,0.2273,2.735419,0.119309,2.650327,2.942570,0.292243,0.903891
1,10,22,22,1.0000,0.773921,0.090846,0.597227,0.931952,0.334725,0.972927
1,11,22,22,1.0000,0.683459,0.023760,0.638917,0.721316,0.082399,0.985829
1,12,22,22,1.0000,1.614104,0.178054,1.272815,1.888590,0.615775,0.968032
1,13,22,22,1.0000,0.873572,0.097696,0.650361,1.033123,0.382762,0.968603
1,15,22,22,1.0000,1.287552,0.067156,1.146856,1.416659,0.269803,0.979686
2,0,22,22,1.0000,0.876613,0.013115,0.857100,0.897848,0.040748,0.993036
2,1,22,22,1.0000,0.974135,0.033892,0.872647,1.015118,0.142471,0.963442
2,2,5,22,0.2273,2.018301,0.033368,1.969473,2.063648,0.094175,0.905971
2,3,13,22,0.5909,2.031489,0.081592,1.908400,2.194734,0.286334,0.908399
2,4,22,22,1.0000,1.675165,0.428466,1.315342,3.360420,2.045078,0.956543
2,5,22,22,1.0000,0.991520,0.025616,0.943234,1.044528,0.101294,0.989004
2,6,22,22,1.0000,1.151720,0.021708,1.109298,1.203511,0.094213,0.973575
2,7,19,22,0.8636,1.782768,0.073690,1.647301,1.904055,0.256754,0.916391
2,8,22,22,1.0000,2.950802,7.534220,0.199436,36.549126,36.349690,0.960337
2,9,22,22,1.0000,0.825449,0.011957,0.797034,0.843219,0.046185,0.998175
2,11,22,22,1.0000,1.118883,0.064513,1.024697,1.266262,0.241565,0.991343
2,12,7,22,0.3182,2.077442,0.048727,1.998862,2.128479,0.129617,0.905957
2,13,22,22,1.0000,0.872043,0.114772,0.595281,1.121272,0.525991,0.969400
2,14,22,22,1.0000,1.151375,0.042303,1.076979,1.222098,0.145119,0.943528
3,0,2,22,0.0909,1.000102,0.053836,0.962034,1.038170,0.076136,0.913740
3,1,22,22,1.0000,0.841935,0.025476,0.790301,0.893403,0.103102,0.988091
3,2,9,22,0.4091,0.698988,0.026208,0.650289,0.729384,0.079095,0.911321
3,3,22,22,1.0000,0.670614,0.021666,0.636649,0.716192,0.079543,0.948332
3,4,22,22,1.0000,0.745431,0.018459,0.708719,0.777545,0.068826,0.986829
3,5,22,22,1.0000,1.236667,0.056018,1.142804,1.330611,0.187807,0.983513
3,6,22,22,1.0000,0.910785,0.022793,0.868653,0.947596,0.078943,0.988926
3,7,22,22,1.0000,1.542653,0.077572,1.380304,1.730890,0.350586,0.951716
3,8,22,22,1.0000,1.035682,0.017657,0.994365,1.067620,0.073255,0.997224
3,9,22,22,1.0000,1.101685,0.031935,1.056465,1.164030,0.107565,0.992516
3,10,22,22,1.0000,0.522377,0.029027,0.471686,0.577737,0.106051,0.979534
3,12,22,22,1.0000,0.955376,0.028023,0.914027,1.020285,0.106258,0.986744
3,13,22,22,1.0000,1.107295,0.030508,1.066571,1.178657,0.112086,0.995825
3,14,22,22,1.0000,0.888708,0.032031,0.812485,0.939412,0.126927,0.937701
3,15,22,22,1.0000,0.860587,0.020117,0.829928,0.896689,0.066761,0.994167
4,0,22,22,1.0000,0.900295,0.025501,0.846758,0.957152,0.110394,0.985905
4,1,22,22,1.0000,1.104761,0.040455,1.031344,1.173432,0.142088,0.982412
4,2,22,22,1.0000,1.312947,0.072841,1.211659,1.434418,0.222759,0.948566
4,3,22,22,1.0000,1.109599,0.029878,1.051840,1.154840,0.103000,0.996464
4,4,22,22,1.0000,1.071939,0.014388,1.045300,1.093925,0.048625,0.993555
4,5,22,22,1.0000,1.537959,0.048488,1.469572,1.636577,0.167005,0.976573
4,6,22,22,1.0000,1.669044,0.054332,1.555965,1.794952,0.238987,0.961233
4,7,22,22,1.0000,0.791652,0.014910,0.747486,0.811931,0.064445,0.985380
4,8,4,22,0.1818,-0.185235,0.446116,-0.845412,0.134450,0.979862,0.908054
4,9,22,22,1.0000,1.040610,0.040087,0.986900,1.121418,0.134518,0.963545
4,10,22,22,1.0000,1.006655,0.023097,0.965686,1.047411,0.081725,0.993856
4,11,22,22,1.0000,0.939945,0.010252,0.920109,0.958770,0.038661,0.995040
4,12,22,22,1.0000,0.898266,0.010942,0.875951,0.916979,0.041028,0.992638
4,13,22,22,1.0000,1.099651,0.063254,1.016471,1.285637,0.269166,0.989723
4,14,22,22,1.0000,0.844449,0.015649,0.802257,0.864483,0.062226,0.986744
4,15,22,22,1.0000,1.595095,0.083616,1.485620,1.844799,0.359179,0.978233
5,0,22,22,1.0000,0.997006,0.012412,0.960414,1.013554,0.053140,0.996529
5,1,16,22,0.7273,0.637282,0.035161,0.575966,0.694008,0.118042,0.926138
5,2,22,22,1.0000,0.931076,0.024854,0.868400,0.966225,0.097825,0.989555
5,3,22,22,1.0000,0.848806,0.025338,0.798964,0.888847,0.089883,0.989792
5,4,22,22,1.0000,1.045820,0.017145,1.022812,1.082868,0.060056,0.997990
5,5,22,22,1.0000,1.006765,0.017612,0.961345,1.034301,0.072956,0.997687
5,6,22,22,1.0000,1.058354,0.019276,1.032792,1.115511,0.082719,0.998506
5,7,22,22,1.0000,1.376290,0.047569,1.313423,1.474306,0.160883,0.959098
5,8,22,22,1.0000,1.222982,0.036013,1.164706,1.302163,0.137457,0.974383
5,9,22,22,1.0000,1.074256,0.033677,1.000199,1.131500,0.131301,0.986422
5,10,22,22,1.0000,0.751721,0.007446,0.736747,0.769491,0.032744,0.996806
5,11,22,22,1.0000,0.959365,0.027554,0.900979,0.997958,0.096979,0.962003
5,12,7,22,0.3182,0.771423,0.041661,0.705011,0.808180,0.103169,0.914794
5,13,22,22,1.0000,0.978467,0.007275,0.968147,0.992179,0.024032,0.998941
5,14,22,22,1.0000,0.959413,0.020599,0.925704,1.009783,0.084079,0.986314
5,15,11,22,0.5000,0.814255,0.021491,0.782132,0.843978,0.061846,0.915591
6,0,21,22,0.9545,1.030860,0.027828,0.986176,1.082945,0.096769,0.943842
6,1,22,22,1.0000,0.836149,0.019385,0.791039,0.868794,0.077755,0.991759
6,2,22,22,1.0000,0.827041,0.006701,0.815925,0.840306,0.024381,0.997561
6,3,17,22,0.7727,1.048055,0.038608,0.964309,1.099684,0.135375,0.930077
6,4,22,22,1.0000,1.220294,0.021663,1.192950,1.282094,0.089144,0.983655
6,5,22,22,1.0000,0.743078,0.039705,0.623096,0.793133,0.170037,0.974830
6,6,22,22,1.0000,0.954562,0.012876,0.925100,0.982496,0.057396,0.994125
6,7,22,22,1.0000,1.021997,0.017001,0.993312,1.055985,0.062673,0.997321
6,8,22,22,1.0000,0.733585,0.006884,0.717183,0.744637,0.027454,0.992666
6,9,22,22,1.0000,0.950574,0.013393,0.926343,0.981951,0.055608,0.998187
6,10,19,22,0.8636,1.029207,0.031017,0.972325,1.083183,0.110858,0.929166
6,11,22,22,1.0000,1.039395,0.029580,0.996139,1.084530,0.088391,0.946665
6,12,22,22,1.0000,0.950553,0.013570,0.926496,0.980697,0.054201,0.997557
6,14,22,22,1.0000,0.808354,0.053988,0.732324,0.951411,0.219087,0.959465
6,15,22,22,1.0000,0.998236,0.026405,0.965203,1.057734,0.092531,0.983404
7,0,22,22,1.0000,1.043839,0.012380,1.011995,1.063163,0.051168,0.994880
7,1,22,22,1.0000,1.003911,0.020779,0.967382,1.065243,0.097861,0.987895
7,2,22,22,1.0000,1.006019,0.020250,0.957183,1.043515,0.086332,0.996693
7,3,22,22,1.0000,0.905023,0.026985,0.844088,0.947669,0.103581,0.979846
7,4,17,22,0.7727,0.586978,0.046112,0.498381,0.656483,0.158102,0.937925
7,5,14,22,0.6364,1.121167,0.027621,1.082070,1.174677,0.092607,0.925385
7,6,22,22,1.0000,0.965338,0.023894,0.916247,1.000259,0.084012,0.979835
7,7,22,22,1.0000,1.298496,0.030744,1.248933,1.378323,0.129390,0.982657
7,8,22,22,1.0000,0.994126,0.029217,0.923729,1.037613,0.113884,0.996580
7,9,22,22,1.0000,0.954719,0.015047,0.907572,0.983777,0.076205,0.998281
7,10,22,22,1.0000,1.009768,0.005295,1.000580,1.022059,0.021479,0.999177
7,11,22,22,1.0000,0.946638,0.020901,0.912551,0.997587,0.085036,0.997759
7,12,22,22,1.0000,0.984514,0.012776,0.955830,1.001456,0.045626,0.994038
7,13,22,22,1.0000,0.873446,0.015168,0.848495,0.901570,0.053075,0.989800
7,14,22,22,1.0000,0.796448,0.048528,0.647166,0.869387,0.222221,0.980249
8,0,22,22,1.0000,1.211910,0.028894,1.165166,1.289471,0.124305,0.982695
8,1,22,22,1.0000,0.870992,0.017220,0.831511,0.906722,0.075211,0.976463
8,2,2,22,0.0909,0.771894,0.009961,0.764850,0.778937,0.014087,0.915307
8,3,22,22,1.0000,0.832044,0.017549,0.796283,0.857770,0.061487,0.989444
8,4,22,22,1.0000,1.025850,0.036629,0.946039,1.113280,0.167241,0.998461
8,5,22,22,1.0000,1.112811,0.031606,1.039931,1.163032,0.123101,0.968979
8,6,22,22,1.0000,1.126701,0.029765,1.067998,1.187469,0.119471,0.985786
8,7,22,22,1.0000,1.173077,0.019930,1.143079,1.213942,0.070863,0.995233
8,8,22,22,1.0000,0.971191,0.008732,0.954466,0.986082,0.031616,0.996289
8,9,22,22,1.0000,0.987118,0.016437,0.960077,1.019336,0.059259,0.993715
8,10,22,22,1.0000,0.966481,0.014428,0.939417,0.997123,0.057706,0.994142
8,11,22,22,1.0000,1.092413,0.025506,1.049538,1.136286,0.086748,0.992074
8,12,22,22,1.0000,1.040455,0.024278,1.003261,1.094392,0.091131,0.963203
8,13,22,22,1.0000,0.974696,0.018532,0.946845,1.012219,0.065374,0.993281
8,14,22,22,1.0000,1.120434,0.027613,1.055510,1.167908,0.112398,0.980357
9,0,22,22,1.0000,0.948029,0.050158,0.864517,1.041793,0.177276,0.983256
9,2,22,22,1.0000,0.751173,0.023439,0.718882,0.815177,0.096295,0.979913
9,3,22,22,1.0000,1.054060,0.015663,1.013701,1.073122,0.059421,0.995514
9,4,22,22,1.0000,1.134003,0.028071,1.080791,1.190803,0.110012,0.993998
9,5,22,22,1.0000,1.154451,0.018468,1.112957,1.192958,0.080001,0.992190
9,6,22,22,1.0000,1.113662,0.016980,1.085671,1.142112,0.056441,0.995013
9,7,22,22,1.0000,0.925417,0.019900,0.893311,0.964273,0.070962,0.998247
9,9,22,22,1.0000,1.005198,0.021039,0.946534,1.031041,0.084507,0.994962
9,10,22,22,1.0000,0.880480,0.015117,0.853426,0.909396,0.055970,0.995980
9,11,22,22,1.0000,0.751932,0.021873,0.693839,0.781327,0.087488,0.992984
9,12,9,22,0.4091,1.044155,0.023522,1.010159,1.072707,0.062548,0.909570
9,13,22,22,1.0000,0.803752,0.022535,0.767512,0.857758,0.090246,0.985972
9,14,22,22,1.0000,1.048920,0.019315,1.014057,1.091135,0.077078,0.996457
9,15,22,22,1.0000,0.954836,0.012801,0.931192,0.986804,0.055612,0.998907
10,0,22,22,1.0000,0.610968,0.026936,0.556159,0.653905,0.097746,0.943672
10,1,22,22,1.0000,0.985125,0.012506,0.956546,1.004581,0.048035,0.997533
10,2,22,22,1.0000,0.843781,0.023263,0.800763,0.899912,0.099149,0.987977
10,3,22,22,1.0000,0.677087,0.061150,0.527621,0.759428,0.231807,0.969989
10,4,22,22,1.0000,0.925341,0.009086,0.903006,0.944010,0.041004,0.999192
10,5,22,22,1.0000,1.027066,0.020299,0.983077,1.059952,0.076875,0.998375
10,6,22,22,1.0000,0.965316,0.016633,0.936749,0.998911,0.062162,0.992342
10,7,22,22,1.0000,0.817364,0.014561,0.786749,0.846611,0.059862,0.999071
10,8,22,22,1.0000,1.046516,0.017507,1.021169,1.078457,0.057288,0.994753
10,9,22,22,1.0000,0.999606,0.022693,0.953798,1.049262,0.095464,0.980888
10,10,22,22,1.0000,0.958106,0.013811,0.922351,0.975320,0.052969,0.984398
10,11,22,22,1.0000,0.968562,0.014085,0.948035,0.992156,0.044121,0.996801
10,12,22,22,1.0000,0.678710,0.014158,0.652057,0.713193,0.061136,0.983526
10,13,22,22,1.0000,1.041926,0.008738,1.022398,1.056409,0.034011,0.997775
10,14,21,22,0.9545,0.768022,0.031075,0.669199,0.810114,0.140915,0.942292
10,15,22,22,1.0000,1.051838,0.024115,1.005730,1.109766,0.104036,0.992934
11,0,22,22,1.0000,1.019636,0.009243,1.004918,1.040829,0.035911,0.999477
11,1,22,22,1.0000,1.099736,0.026042,1.048646,1.139950,0.091304,0.999369
11,2,22,22,1.0000,1.093515,0.023960,1.031627,1.127055,0.095428,0.994716
11,4,22,22,1.0000,0.680883,0.035360,0.612155,0.743801,0.131646,0.953176
11,5,22,22,1.0000,1.245329,0.036012,1.196581,1.327315,0.130734,0.983155
11,7,17,22,0.7727,0.873572,0.021178,0.849229,0.931106,0.081877,0.913850
11,8,22,22,1.0000,0.970569,0.027941,0.921867,1.039248,0.117381,0.990913
11,9,22,22,1.0000,0.852084,0.039624,0.756685,0.904453,0.147768,0.995624
11,11,22,22,1.0000,0.820171,0.012627,0.779900,0.838266,0.058366,0.996406
11,12,11,22,0.5000,0.530937,0.023662,0.500476,0.586743,0.086267,0.915259
11,13,22,22,1.0000,1.105182,0.034876,1.034210,1.173929,0.139719,0.999023
11,14,22,22,1.0000,1.196816,0.031240,1.162715,1.281404,0.118689,0.991747
11,15,22,22,1.0000,1.066339,0.023731,1.015680,1.115729,0.100049,0.999012
12,0,22,22,1.0000,1.202868,0.017340,1.169060,1.239040,0.069980,0.987687
12,1,22,22,1.0000,1.097095,0.020518,1.062405,1.144145,0.081740,0.989433
12,2,22,22,1.0000,1.841272,0.098319,1.661404,2.123985,0.462581,0.915252
12,3,22,22,1.0000,1.089827,0.006468,1.073984,1.099586,0.025602,0.999756
12,4,22,22,1.0000,1.376542,0.033221,1.324958,1.446330,0.121372,0.972689
12,5,9,22,0.4091,1.169011,0.040455,1.098320,1.221569,0.123249,0.908224
12,6,7,22,0.3182,2.124151,0.037870,2.068148,2.175751,0.107603,0.903156
12,7,22,22,1.0000,0.909811,0.030634,0.854879,0.963558,0.108679,0.971121
12,8,22,22,1.0000,0.970506,0.034925,0.914745,1.047327,0.132582,0.926230
12,9,22,22,1.0000,1.177495,0.015240,1.142870,1.202505,0.059635,0.998721
12,10,22,22,1.0000,0.816070,0.036459,0.735217,0.860439,0.125222,0.995528
12,11,22,22,1.0000,1.191456,0.051703,1.119776,1.295149,0.175373,0.938188
12,12,22,22,1.0000,1.371652,0.023470,1.334128,1.417027,0.082899,0.978986
12,14,22,22,1.0000,1.118227,0.027457,1.070229,1.163205,0.092976,0.956868
13,0,22,22,1.0000,0.865105,0.023092,0.824733,0.917586,0.092853,0.935435
13,1,22,22,1.0000,1.050070,0.035088,0.967457,1.104445,0.136988,0.945497
13,3,22,22,1.0000,1.066229,0.030054,1.004448,1.120681,0.116233,0.937027
13,4,22,22,1.0000,0.941601,0.015729,0.912657,0.980946,0.068289,0.985310
13,5,22,22,1.0000,0.665350,0.041650,0.576087,0.738407,0.162320,0.986981
13,6,22,22,1.0000,1.069905,0.022587,1.019942,1.098100,0.078158,0.997727
13,7,22,22,1.0000,0.878698,0.065787,0.740400,1.016357,0.275957,0.930486
13,8,9,22,0.4091,0.514596,0.058187,0.458128,0.636188,0.178060,0.914477
13,9,22,22,1.0000,1.156759,0.043429,1.066325,1.238371,0.172046,0.926478
13,10,22,22,1.0000,1.298894,0.023723,1.253111,1.344554,0.091443,0.931690
13,11,19,22,0.8636,0.894759,0.031136,0.828241,0.955660,0.127419,0.913946
13,12,22,22,1.0000,0.933481,0.023531,0.873495,0.970650,0.097155,0.946253
13,14,22,22,1.0000,1.004702,0.029564,0.937702,1.057005,0.119303,0.947795
13,15,22,22,1.0000,1.292983,0.043911,1.232009,1.386605,0.154596,0.996062
14,1,22,22,1.0000,0.884125,0.025770,0.826762,0.940043,0.113281,0.997011
14,2,22,22,1.0000,1.110044,0.031597,1.011657,1.146010,0.134353,0.961090
14,4,22,22,1.0000,1.124220,0.028119,1.059750,1.160459,0.100709,0.975446
14,7,22,22,1.0000,0.645710,0.013393,0.624101,0.669158,0.045057,0.960810
14,8,7,22,0.3182,0.975003,0.030192,0.939502,1.026076,0.086574,0.906078
14,11,12,22,0.5455,1.360662,0.042477,1.275456,1.413353,0.137897,0.907260
14,12,13,22,0.5909,1.106307,0.057728,1.005464,1.188350,0.182886,0.908790
14,14,22,22,1.0000,1.082698,0.039676,0.976353,1.126454,0.150101,0.956186
15,0,22,22,1.0000,1.097077,0.030124,1.005770,1.131490,0.125720,0.987479
15,1,22,22,1.0000,0.941333,0.021818,0.877662,0.971451,0.093789,0.967374
15,2,22,22,1.0000,0.826381,0.016313,0.801457,0.871470,0.070013,0.989150
15,3,22,22,1.0000,0.984380,0.011502,0.959071,1.003680,0.044609,0.985490
15,4,22,22,1.0000,1.011324,0.013531,0.991977,1.041942,0.049965,0.998954
15,5,22,22,1.0000,1.086643,0.016488,1.046070,1.103700,0.057630,0.989328
15,7,22,22,1.0000,0.834065,0.019379,0.778120,0.871753,0.093633,0.959594
15,8,22,22,1.0000,1.100761,0.022699,1.043262,1.139697,0.096435,0.971621
15,9,22,22,1.0000,0.962852,0.018973,0.915702,0.999025,0.083323,0.987805
15,10,22,22,1.0000,0.862612,0.015030,0.834878,0.888636,0.053758,0.987579
15,11,22,22,1.0000,0.873302,0.030041,0.790650,0.905736,0.115086,0.982050
15,12,22,22,1.0000,1.087987,0.016741,1.054941,1.113023,0.058082,0.997792
15,13,16,22,0.7273,0.758453,0.100657,0.619627,0.941498,0.321871,0.929140
15,14,22,22,1.0000,0.872548,0.083885,0.726215,1.018187,0.291972,0.966482
