block,head,cos980,cos437,ratio980,ratio437,ls980,ls437,d_ratio,d_ls
0,0,0.833678,0.835305,-1.906002,-2.029384,0.900023,0.902156,0.123382,-0.002134
0,1,0.933463,0.939236,0.57198,0.558261,0.846042,0.886124,0.013719,-0.040082
0,2,0.953994,0.959821,1.580365,2.064922,0.898323,0.905777,-0.484557,-0.007454
0,3,0.948776,0.976252,1.29213,0.965993,1.013919,0.958512,0.326137,0.055407
0,4,0.908699,0.925436,1.299932,0.928326,1.02416,0.851795,0.371607,0.172365
0,5,0.883574,0.875655,0.418132,0.389387,0.738128,0.758246,0.028744,-0.020118
0,6,0.948786,0.949861,0.681546,0.700408,0.958825,0.960967,-0.018862,-0.002142
0,7,0.989533,0.987634,1.070422,1.08939,1.05149,1.059401,-0.018968,-0.007912
0,8,0.973078,0.965165,0.823841,0.824611,0.849103,0.855384,-0.00077,-0.006281
0,9,0.971987,0.979658,1.131691,1.147006,1.047421,1.09552,-0.015315,-0.048099
0,10,0.982618,0.984263,0.885482,0.876026,0.877987,0.879821,0.009456,-0.001834
0,11,0.807139,0.809864,-9.16235,-9.709604,0.91301,0.91545,0.547254,-0.002441
0,12,0.831885,0.839441,0.409931,0.576181,0.698662,0.725028,-0.166249,-0.026365
0,13,0.969404,0.967808,1.158471,1.147065,1.062441,1.057561,0.011406,0.004881
0,14,0.956747,0.971042,1.233037,1.109157,1.055161,1.016004,0.123879,0.039157
0,15,0.990968,0.9909,1.219473,1.269934,1.009847,1.007892,-0.050461,0.001955
1,0,0.979546,0.979407,1.140246,1.117775,0.998508,0.992662,0.022471,0.005845
1,1,0.987116,0.991027,0.962993,0.970033,0.970876,0.9873,-0.00704,-0.016424
1,2,0.955086,0.950622,1.305927,1.198579,0.975551,0.963404,0.107348,0.012147
1,3,0.894346,0.897645,5.68891,5.023997,1.095538,1.101418,0.664912,-0.005879
1,4,0.969128,0.984015,1.202911,1.001703,0.92491,0.950569,0.201207,-0.025659
1,5,0.921483,0.926018,2.151509,2.031197,1.199825,1.20413,0.120312,-0.004305
1,6,0.99075,0.985893,0.934806,0.961898,0.964648,0.981037,-0.027093,-0.016389
1,7,0.955651,0.955376,1.198062,1.201378,0.977485,0.978155,-0.003315,-0.000671
1,8,0.92605,0.923982,3.004801,3.113815,1.066319,1.065182,-0.109013,0.001137
1,9,0.939451,0.936789,0.360202,0.268628,0.929529,0.916,0.091574,0.013529
1,10,0.957619,0.959229,0.877355,0.900033,0.960657,0.958105,-0.022678,0.002552
1,11,0.968126,0.969532,0.694632,0.719562,0.963571,0.965349,-0.02493,-0.001777
1,12,0.963236,0.959966,1.485895,1.464606,1.111971,1.119336,0.021288,-0.007365
1,13,0.966676,0.966876,0.977063,1.030824,0.912903,0.90265,-0.05376,0.010253
1,14,0.517789,0.453444,-7.265932,-6.852812,0.684956,0.636193,-0.41312,0.048763
1,15,0.970699,0.96338,1.333311,1.330063,1.194202,1.209923,0.003247,-0.015722
2,0,0.963349,0.964791,0.888964,0.893573,0.949735,0.950231,-0.004609,-0.000496
2,1,0.965743,0.973228,1.010685,0.999255,0.956574,0.974712,0.011429,-0.018138
2,2,0.962089,0.962251,2.239745,2.0848,1.028243,1.028326,0.154945,-8.4e-05
2,3,0.965131,0.965951,2.178034,1.979499,1.042064,1.042467,0.198535,-0.000403
2,4,0.926355,0.957355,1.842732,1.640388,1.05019,1.129818,0.202344,-0.079628
2,5,0.983918,0.982106,0.942686,0.980562,0.958178,0.989654,-0.037877,-0.031476
2,6,0.956573,0.956859,1.180576,1.164914,1.069276,1.066006,0.015661,0.00327
2,7,0.959786,0.960831,1.91892,1.771636,1.023202,1.023867,0.147285,-0.000666
2,8,0.925378,0.947907,1.550766,0.45877,0.910115,0.904083,1.091996,0.006032
2,9,0.978626,0.977375,0.823833,0.804251,0.881784,0.86802,0.019582,0.013764
2,10,0.91594,0.923135,2.889908,2.202604,1.026614,1.043253,0.687304,-0.016639
2,11,0.984599,0.980858,1.135152,1.080762,1.062696,1.015745,0.05439,0.046952
2,12,0.960936,0.961717,2.272915,2.009323,1.030866,1.030208,0.263593,0.000659
2,13,0.942686,0.949001,0.741091,0.975829,0.969108,0.983397,-0.234739,-0.014289
2,14,0.943303,0.929067,1.167832,1.203989,0.99141,0.971141,-0.036157,0.020269
2,15,0.944845,0.945677,5.003929,4.25004,1.039175,1.039311,0.753888,-0.000137
3,0,0.938069,0.938222,1.004736,1.012804,0.976835,0.976939,-0.008068,-0.000104
3,1,0.960016,0.962426,0.871439,0.880369,0.942229,0.940056,-0.00893,0.002173
3,2,0.935032,0.933524,0.648669,0.672168,0.95493,0.958505,-0.023499,-0.003576
3,3,0.957863,0.957014,0.643214,0.637383,0.964674,0.95506,0.00583,0.009614
3,4,0.927167,0.928532,0.760831,0.772501,0.900433,0.901313,-0.01167,-0.00088
3,5,0.985534,0.973166,1.186627,1.271853,1.120104,1.126573,-0.085225,-0.006469
3,6,0.968933,0.970329,0.936284,0.941102,0.983036,0.981023,-0.004817,0.002013
3,7,0.956185,0.954744,1.469155,1.564917,0.986986,0.986918,-0.095762,6.9e-05
3,8,0.99377,0.992208,1.051393,1.056056,1.039966,1.042234,-0.004662,-0.002268
3,9,0.985953,0.984471,1.103799,1.065326,1.064071,1.023876,0.038472,0.040195
3,10,0.884495,0.880034,0.494122,0.476273,0.780401,0.771823,0.017849,0.008579
3,11,0.830628,0.817854,4.882988,5.015083,1.040548,1.034157,-0.132095,0.006391
3,12,0.983919,0.978477,0.935431,0.95134,0.971063,0.969931,-0.015908,0.001131
3,13,0.988129,0.98949,1.096071,1.100646,1.079578,1.086715,-0.004575,-0.007137
3,14,0.940345,0.942153,0.856155,0.899259,0.976451,0.980209,-0.043104,-0.003757
3,15,0.977402,0.978219,0.890678,0.892959,0.983101,0.980319,-0.002281,0.002783
4,0,0.963409,0.963819,0.890484,0.862496,0.932234,0.921345,0.027988,0.010889
4,1,0.974871,0.974429,1.078964,1.124293,1.077524,1.084949,-0.04533,-0.007425
4,2,0.960489,0.957017,1.242592,1.224407,1.015875,1.007451,0.018185,0.008425
4,3,0.968264,0.969269,1.069404,1.082863,1.031636,1.038059,-0.013459,-0.006424
4,4,0.989493,0.98897,1.073929,1.066241,1.053069,1.049117,0.007689,0.003952
4,5,0.962066,0.958581,1.494214,1.519624,1.12999,1.117536,-0.02541,0.012455
4,6,0.956744,0.950192,1.689758,1.783346,1.094553,1.088911,-0.093588,0.005642
4,7,0.974874,0.973696,0.793881,0.779388,0.95455,0.95246,0.014493,0.00209
4,8,0.839238,0.893022,-0.372329,0.008017,0.683474,0.73574,-0.380346,-0.052266
4,9,0.965199,0.964165,0.992439,0.991407,1.012031,1.010199,0.001032,0.001832
4,10,0.988702,0.989365,1.000264,0.96689,1.00308,0.973157,0.033373,0.029922
4,11,0.978477,0.977715,0.925416,0.924027,0.924226,0.924119,0.001388,0.000107
4,12,0.961371,0.960428,0.903348,0.888478,0.959887,0.961273,0.01487,-0.001386
4,13,0.982318,0.985793,1.070339,1.056758,1.031244,1.042212,0.013581,-0.010968
4,14,0.976033,0.973775,0.853234,0.820204,0.992461,0.98599,0.033031,0.00647
4,15,0.956107,0.950748,1.507468,1.601644,1.089513,1.076651,-0.094175,0.012862
5,0,0.994134,0.990044,1.002507,1.013499,0.998323,1.003696,-0.010992,-0.005373
5,1,0.930784,0.922531,0.680836,0.651055,0.769479,0.761568,0.029781,0.00791
5,2,0.9859,0.985772,0.917387,0.900706,0.920584,0.906071,0.016681,0.014513
5,3,0.979279,0.978187,0.828951,0.817486,0.933186,0.936914,0.011465,-0.003728
5,4,0.997061,0.995733,1.042554,1.051717,1.037773,1.04193,-0.009163,-0.004157
5,5,0.988433,0.990973,1.031642,1.023614,1.02545,1.021214,0.008028,0.004236
5,6,0.997191,0.99658,1.064403,1.075639,1.059591,1.069097,-0.011236,-0.009506
5,7,0.947951,0.947711,1.372477,1.33614,1.120753,1.097617,0.036337,0.023136
5,8,0.961577,0.959482,1.232576,1.242526,1.082195,1.072662,-0.00995,0.009533
5,9,0.973278,0.973278,1.058108,1.046611,1.021213,1.009515,0.011497,0.011698
5,10,0.962541,0.965916,0.74965,0.762618,0.808313,0.817902,-0.012968,-0.009589
5,11,0.956699,0.952305,0.899895,0.917038,0.897306,0.906134,-0.017143,-0.008828
5,12,0.929284,0.93535,0.684181,0.810812,0.881122,0.85739,-0.12663,0.023732
5,13,0.98956,0.989296,0.971608,0.967951,0.993255,0.993944,0.003657,-0.000688
5,14,0.981844,0.982038,0.966347,0.926927,0.961184,0.931261,0.03942,0.029923
5,15,0.885384,0.853461,0.698023,0.69094,0.822267,0.803007,0.007083,0.01926
6,0,0.951402,0.943037,1.034589,1.028089,0.973119,0.971754,0.0065,0.001365
6,1,0.972389,0.96651,0.817594,0.81982,0.857614,0.866158,-0.002226,-0.008544
6,2,0.980165,0.980976,0.821816,0.827924,0.907817,0.910305,-0.006108,-0.002488
6,3,0.918455,0.929542,1.057843,1.062589,0.970556,0.967408,-0.004747,0.003148
6,4,0.979714,0.975929,1.199987,1.196614,1.123083,1.110135,0.003373,0.012948
6,5,0.957037,0.938909,0.782751,0.750837,0.865081,0.855318,0.031915,0.009763
6,6,0.988169,0.990916,0.953112,0.956644,0.962322,0.959296,-0.003533,0.003026
6,7,0.991799,0.986362,1.041933,1.056092,1.033725,1.042962,-0.014159,-0.009237
6,8,0.960109,0.957747,0.729095,0.721725,0.851426,0.844905,0.00737,0.006521
6,9,0.992457,0.994777,0.928088,0.950316,0.948099,0.956508,-0.022228,-0.008409
6,10,0.949644,0.940104,0.997455,1.021548,0.99667,1.003474,-0.024092,-0.006803
6,11,0.957087,0.957499,0.997401,1.018352,0.960663,0.974256,-0.020951,-0.013593
6,12,0.992612,0.994451,0.944066,0.954086,0.973767,0.962971,-0.01002,0.010796
6,13,0.914582,0.909134,1.941829,1.9439,0.985253,0.96669,-0.002071,0.018563
6,14,0.968166,0.961202,0.84504,0.88084,0.94229,0.95482,-0.0358,-0.01253
6,15,0.983301,0.977432,0.993066,0.975505,0.991187,0.973379,0.017562,0.017807
7,0,0.992258,0.990594,1.056548,1.052633,1.050978,1.043211,0.003915,0.007767
7,1,0.975089,0.963936,0.993474,0.983118,0.992526,0.969101,0.010356,0.023424
7,2,0.978127,0.974506,1.021141,0.954191,0.999637,0.965493,0.06695,0.034144
7,3,0.977311,0.975974,0.880683,0.879109,0.884082,0.877383,0.001574,0.006699
7,4,0.877534,0.887254,0.441478,0.463292,0.682208,0.705981,-0.021814,-0.023773
7,5,0.924083,0.897985,1.164892,1.220103,1.034993,1.002443,-0.055212,0.03255
7,6,0.972226,0.973016,0.92973,0.953476,0.946359,0.949354,-0.023746,-0.002994
7,7,0.967493,0.965772,1.308818,1.308211,1.159283,1.147002,0.000606,0.012281
7,8,0.973639,0.972152,0.984763,0.958347,1.019964,0.999261,0.026416,0.020702
7,9,0.993424,0.989226,0.968072,0.94439,0.970067,0.947204,0.023683,0.022864
7,10,0.99818,0.997966,1.006525,1.014114,1.00605,1.012359,-0.007589,-0.006309
7,11,0.993417,0.992873,0.946772,0.979155,0.958541,0.979164,-0.032383,-0.020623
7,12,0.988545,0.986136,0.977075,0.974173,0.97892,0.973056,0.002902,0.005864
7,13,0.973909,0.965836,0.889676,0.901444,0.901954,0.909117,-0.011768,-0.007164
7,14,0.963058,0.966037,0.773435,0.778323,0.827446,0.798262,-0.004888,0.029184
7,15,0.831839,0.858186,-1.079479,-0.61585,0.825616,0.833756,-0.46363,-0.00814
8,0,0.962426,0.953481,1.223782,1.278194,1.107344,1.110834,-0.054412,-0.00349
8,1,0.97472,0.970947,0.869033,0.862272,0.915195,0.913093,0.006761,0.002101
8,2,0.91295,0.892857,0.676937,0.615931,0.780487,0.76548,0.061006,0.015007
8,3,0.965137,0.966321,0.797675,0.817985,0.867355,0.883173,-0.02031,-0.015818
8,4,0.990649,0.985602,1.055605,1.007665,1.053963,1.018141,0.047941,0.035822
8,5,0.970074,0.962771,1.15996,1.108377,1.084907,1.007017,0.051583,0.077891
8,6,0.976624,0.961386,1.087815,1.138526,1.056021,1.057452,-0.050712,-0.00143
8,7,0.98703,0.990299,1.192454,1.146206,1.094991,1.086894,0.046248,0.008097
8,8,0.98914,0.988826,0.97187,0.971573,0.993668,0.992839,0.000297,0.000829
8,9,0.983371,0.980737,0.98659,1.010367,0.990293,0.99765,-0.023777,-0.007357
8,10,0.98609,0.98288,0.986964,0.979226,0.989355,0.983512,0.007738,0.005843
8,11,0.981257,0.977371,1.134671,1.105038,1.060599,1.049532,0.029633,0.011067
8,12,0.958975,0.952691,1.04184,1.083569,1.027133,1.036757,-0.041728,-0.009624
8,13,0.986428,0.978345,0.976452,1.002669,0.988703,1.003078,-0.026218,-0.014374
8,14,0.975721,0.962063,1.097854,1.130755,1.079349,1.075446,-0.0329,0.003903
8,15,0.830644,0.813494,0.909601,0.843347,0.836577,0.828417,0.066255,0.00816
9,0,0.967792,0.966727,0.985597,1.017819,0.962184,0.971244,-0.032222,-0.00906
9,1,0.841625,0.842725,-0.05261,0.008208,0.787275,0.781965,-0.060818,0.00531
9,2,0.952566,0.956003,0.768205,0.779897,0.878102,0.884912,-0.011691,-0.00681
9,3,0.985033,0.983689,1.039935,1.033024,1.033987,1.028526,0.00691,0.005461
9,4,0.976043,0.965984,1.133601,1.147588,1.090116,1.083977,-0.013987,0.006139
9,5,0.975343,0.971425,1.147884,1.192422,1.076245,1.090648,-0.044538,-0.014402
9,6,0.989686,0.991354,1.124049,1.108818,1.065873,1.068322,0.015231,-0.002449
9,7,0.993777,0.993826,0.93312,0.946879,0.944184,0.957409,-0.013759,-0.013224
9,8,0.848044,0.823241,0.080012,0.013476,0.768303,0.746542,0.066536,0.021761
9,9,0.990101,0.989365,0.997428,1.018986,1.002227,1.012867,-0.021559,-0.01064
9,10,0.980811,0.979107,0.889336,0.888044,0.899303,0.901333,0.001293,-0.00203
9,11,0.972095,0.971951,0.732996,0.725889,0.818844,0.814659,0.007107,0.004184
9,12,0.901979,0.913854,1.055921,1.074607,0.932525,0.950398,-0.018686,-0.017874
9,13,0.958101,0.9594,0.828631,0.828057,0.881167,0.880798,0.000574,0.00037
9,14,0.981752,0.984658,1.050102,1.05029,1.035891,1.036295,-0.000189,-0.000404
9,15,0.993211,0.993264,0.957833,0.960667,0.984305,0.979159,-0.002834,0.005146
10,0,0.937945,0.932853,0.60164,0.590035,0.800282,0.788746,0.011605,0.011536
10,1,0.995381,0.994742,0.999454,0.97453,0.995619,0.971469,0.024924,0.02415
10,2,0.974273,0.971729,0.872473,0.864395,0.924541,0.923755,0.008078,0.000786
10,3,0.955711,0.931864,0.671628,0.623463,0.802074,0.765065,0.048165,0.037009
10,4,0.996603,0.995543,0.924021,0.914918,0.925309,0.917234,0.009103,0.008076
10,5,0.990863,0.986963,1.025622,1.017838,1.022862,1.01337,0.007783,0.009493
10,6,0.981403,0.982394,0.964812,0.964421,0.977739,0.963872,0.000392,0.013867
10,7,0.985216,0.987119,0.793702,0.807648,0.843806,0.854928,-0.013946,-0.011123
10,8,0.98427,0.982744,1.048912,1.048319,1.036634,1.038845,0.000593,-0.002211
10,9,0.985601,0.980316,1.041923,0.978952,1.026106,0.961141,0.06297,0.064965
10,10,0.986199,0.981059,0.970931,0.952224,0.960018,0.932326,0.018707,0.027692
10,11,0.988939,0.988134,0.963007,0.990835,0.978325,0.996891,-0.027827,-0.018566
10,12,0.954018,0.95403,0.688813,0.687871,0.797161,0.801156,0.000942,-0.003995
10,13,0.993716,0.991768,1.047795,1.052837,1.044621,1.045719,-0.005042,-0.001098
10,14,0.935028,0.952046,0.667732,0.751662,0.833949,0.846823,-0.083929,-0.012875
10,15,0.976079,0.977027,1.069287,1.059388,1.040841,1.036364,0.009899,0.004477
11,0,0.996627,0.995042,1.018564,1.022357,1.014422,1.015725,-0.003792,-0.001304
11,1,0.987762,0.984,1.097568,1.096296,1.085584,1.097326,0.001272,-0.011742
11,2,0.981281,0.975344,1.074524,1.083151,1.047572,1.039786,-0.008627,0.007786
11,3,0.864314,0.827237,1.770623,2.065836,1.020738,0.905271,-0.295213,0.115467
11,4,0.940772,0.937677,0.641202,0.627915,0.818245,0.793768,0.013287,0.024476
11,5,0.966592,0.961602,1.257287,1.250151,1.119124,1.107899,0.007137,0.011225
11,6,0.895875,0.894965,1.059659,1.034661,0.912676,0.895623,0.024998,0.017053
11,7,0.932754,0.92126,0.851864,0.873644,0.882396,0.883264,-0.02178,-0.000869
11,8,0.972596,0.963672,0.987937,0.947414,0.979162,0.965211,0.040523,0.013951
11,9,0.982922,0.969874,0.858461,0.817143,0.92664,0.882977,0.041317,0.043663
11,10,0.900609,0.889278,0.568534,0.617789,0.852919,0.856251,-0.049254,-0.003332
11,11,0.987548,0.987052,0.818916,0.827318,0.839198,0.8481,-0.008403,-0.008902
11,12,0.905322,0.894359,0.499345,0.463707,0.725314,0.717026,0.035638,0.008288
11,13,0.988619,0.981912,1.108526,1.079605,1.094045,1.073331,0.02892,0.020714
11,14,0.975826,0.970419,1.203136,1.196859,1.121742,1.105669,0.006277,0.016073
11,15,0.98801,0.984415,1.077276,1.062643,1.068096,1.067196,0.014633,0.0009
12,0,0.98678,0.984821,1.200979,1.183589,1.168719,1.147606,0.01739,0.021112
12,1,0.980841,0.980014,1.105274,1.108747,1.081012,1.086928,-0.003473,-0.005916
12,2,0.931682,0.934744,1.745692,1.711135,1.049023,1.0265,0.034558,0.022524
12,3,0.998367,0.998504,1.091056,1.095668,1.091004,1.095554,-0.004613,-0.00455
12,4,0.958213,0.957313,1.359982,1.323919,1.094608,1.070359,0.036063,0.024249
12,5,0.893608,0.871685,1.13455,1.232889,1.002239,0.973276,-0.098339,0.028963
12,6,0.905866,0.907385,2.529243,2.376012,1.03639,1.034776,0.153231,0.001613
12,7,0.959169,0.957257,0.854328,0.918251,0.896501,0.939399,-0.063923,-0.042898
12,8,0.938435,0.92361,0.968161,0.958164,0.934734,0.919268,0.009997,0.015466
12,9,0.984223,0.980638,1.184175,1.163866,1.140167,1.138694,0.020309,0.001473
12,10,0.974997,0.971259,0.801741,0.810352,0.870158,0.863439,-0.008611,0.006719
12,11,0.946487,0.927466,1.121946,1.182839,1.026476,1.0138,-0.060893,0.012677
12,12,0.965578,0.964211,1.395463,1.401702,1.206317,1.196224,-0.00624,0.010093
12,13,0.907474,0.908628,0.992741,0.982728,0.907174,0.907192,0.010012,-1.8e-05
12,14,0.957363,0.943512,1.077878,1.082084,1.029112,1.019364,-0.004206,0.009748
12,15,0.848822,0.826812,0.86428,1.051416,0.914213,0.916652,-0.187136,-0.002439
13,0,0.932413,0.927692,0.826331,0.831249,0.849149,0.851437,-0.004919,-0.002288
13,1,0.951181,0.93843,1.006738,0.990904,0.985658,0.977614,0.015833,0.008044
13,2,0.926883,0.925767,1.461471,1.415224,0.992986,0.991082,0.046247,0.001904
13,3,0.950108,0.937013,1.035179,1.017663,0.9879,0.968885,0.017516,0.019014
13,4,0.977308,0.97721,0.934144,0.937707,0.934502,0.932668,-0.003563,0.001834
13,5,0.955143,0.944637,0.642297,0.621166,0.718069,0.68017,0.021131,0.037899
13,6,0.985824,0.98486,1.070357,1.053766,1.063173,1.048554,0.016592,0.014619
13,7,0.945564,0.943563,0.810329,0.733981,0.923684,0.901366,0.076349,0.022318
13,8,0.896392,0.893141,0.470768,0.519166,0.753277,0.761962,-0.048398,-0.008685
13,9,0.934994,0.928408,1.108728,1.087877,1.009012,1.000184,0.020851,0.008828
13,10,0.922769,0.918973,1.296354,1.30287,1.06794,1.068627,-0.006515,-0.000687
13,11,0.915972,0.905274,0.843075,0.849647,0.850311,0.845035,-0.006572,0.005277
13,12,0.945898,0.942022,0.901514,0.894028,0.881573,0.878927,0.007486,0.002646
13,13,0.925445,0.913665,0.953733,0.915144,0.958636,0.94235,0.038589,0.016286
13,14,0.94674,0.940137,0.994475,0.962201,0.962191,0.94253,0.032274,0.019662
13,15,0.986878,0.987301,1.30711,1.271219,1.250389,1.225848,0.035891,0.024541
14,0,0.894352,0.887272,0.97484,0.978228,0.936497,0.93276,-0.003388,0.003737
14,1,0.9868,0.986942,0.907503,0.910046,0.925186,0.92784,-0.002543,-0.002653
14,2,0.960889,0.954141,1.101744,1.067784,1.048824,1.025389,0.03396,0.023435
14,3,0.887355,0.888188,1.037544,1.042312,0.974238,0.975021,-0.004768,-0.000782
14,4,0.964403,0.961602,1.108161,1.093612,1.051514,1.040811,0.014549,0.010703
14,5,0.78933,0.799716,0.317574,0.352897,0.704379,0.704954,-0.035323,-0.000575
14,6,0.886433,0.880192,0.902768,0.952787,0.929049,0.932829,-0.05002,-0.00378
14,7,0.946221,0.944758,0.631402,0.632958,0.696709,0.699901,-0.001556,-0.003192
14,8,0.927796,0.92566,0.967359,0.939475,0.944387,0.933167,0.027884,0.01122
14,9,0.823108,0.811345,2.170207,2.302254,0.948073,0.932645,-0.132046,0.015428
14,10,0.753934,0.773106,-0.069982,0.012521,0.698039,0.713953,-0.082503,-0.015914
14,11,0.914106,0.915891,1.330309,1.29855,1.046646,1.043723,0.031759,0.002923
14,12,0.934198,0.93479,1.055036,1.030209,0.985154,0.977241,0.024827,0.007913
14,13,0.880112,0.872936,1.36158,1.402639,0.984103,0.988937,-0.041059,-0.004834
14,14,0.954528,0.94896,1.055658,1.050723,1.007662,0.997891,0.004935,0.00977
14,15,0.8692,0.869489,1.882563,1.805842,1.073638,1.043839,0.076722,0.029799
15,0,0.981933,0.982592,1.09896,1.083649,1.058156,1.050562,0.015311,0.007594
15,1,0.97071,0.968938,0.947538,0.951665,0.984885,0.984267,-0.004127,0.000618
15,2,0.977818,0.97681,0.850041,0.835514,0.89767,0.88787,0.014526,0.0098
15,3,0.977057,0.977306,0.985921,0.97458,0.991637,0.984117,0.011341,0.00752
15,4,0.997873,0.997865,1.035985,1.023161,1.034194,1.022208,0.012824,0.011985
15,5,0.970943,0.971546,1.095387,1.080358,1.021716,1.017828,0.01503,0.003889
15,6,0.54245,0.596877,7.222541,5.655679,0.91327,0.990059,1.566862,-0.076789
15,7,0.955326,0.951112,0.824753,0.823599,0.924581,0.927186,0.001154,-0.002605
15,8,0.959558,0.960634,1.093145,1.087039,1.038092,1.034352,0.006106,0.003741
15,9,0.97956,0.978718,0.979459,0.963686,1.000039,0.989138,0.015773,0.010901
15,10,0.965091,0.963894,0.853168,0.835728,0.920938,0.905788,0.01744,0.01515
15,11,0.972299,0.970091,0.864766,0.865936,0.917556,0.916991,-0.001169,0.000565
15,12,0.987711,0.987517,1.06085,1.072976,1.105367,1.116112,-0.012126,-0.010745
15,13,0.938773,0.945681,0.792729,0.876186,0.896417,0.92355,-0.083457,-0.027132
15,14,0.959315,0.96603,0.926107,1.001754,0.92556,0.974293,-0.075647,-0.048732
15,15,0.726073,0.770013,-0.022255,0.090084,0.647873,0.665622,-0.112339,-0.017749
