block,head,cosine,mean8,mean9,ratio,abs8,abs9,abs_ratio,std8,std9,std_ratio,ls_scale,rmse,rmse_scaled
0,1,0.952177,-0.624186,-0.358384,0.574162,0.845479,0.728265,0.861364,0.771703,0.810742,1.050588,0.849986,0.308598,0.270399
0,2,0.964571,-0.229768,-0.362750,1.578766,1.105145,1.062475,0.961391,1.362262,1.283679,0.942315,0.931453,0.363782,0.351289
0,3,0.983396,-0.836741,-1.080825,1.291707,1.318936,1.489228,1.129113,1.322857,1.351456,1.021619,1.087420,0.342134,0.313662
0,4,0.959841,-0.788212,-1.027100,1.303077,0.851772,1.062590,1.247505,0.566203,0.631523,1.115367,1.192635,0.386263,0.338076
0,6,0.938709,1.556814,1.055754,0.678150,1.556814,1.055754,0.678150,0.398279,0.409706,1.028692,0.661444,0.669495,0.390272
0,7,0.996088,-1.796305,-1.926495,1.072477,1.852833,2.005141,1.082203,0.739742,0.863319,1.167053,1.082402,0.245737,0.186483
0,8,0.991956,1.944962,1.599612,0.822439,1.944962,1.599612,0.822439,0.476985,0.372286,0.780497,0.813529,0.427346,0.207867
0,9,0.985581,-1.406917,-1.593904,1.132905,1.514746,1.717611,1.133927,1.013952,1.114701,1.099362,1.105409,0.376224,0.328897
0,10,0.986982,2.195322,1.944616,0.885800,2.227036,1.968755,0.884025,1.210839,1.118312,0.923584,0.883081,0.464636,0.360612
0,13,0.971993,-1.240542,-1.435502,1.157157,1.476407,1.773251,1.201058,1.009998,1.269704,1.257135,1.164366,0.521084,0.450002
0,14,0.976799,-0.917382,-1.130878,1.232723,1.081996,1.260693,1.165155,0.876993,0.906001,1.033077,1.115455,0.342905,0.310086
0,15,0.996843,-0.352198,-0.427525,1.213877,1.717875,1.685655,0.981244,2.032129,2.001481,0.984918,0.989239,0.163692,0.162186
1,0,0.990211,0.535430,0.614833,1.148297,1.498461,1.492081,0.995742,1.839421,1.819741,0.989301,0.992861,0.267979,0.267631
1,1,0.997737,2.525499,2.428860,0.961735,2.592955,2.506827,0.966784,1.500455,1.499786,0.999555,0.969515,0.211686,0.191832
1,2,0.966080,0.592901,0.773127,1.303973,1.078531,1.108493,1.027780,1.276773,1.242379,0.973062,1.004419,0.377403,0.377352
1,4,0.972678,0.566402,0.678027,1.197077,1.467719,1.409216,0.960140,1.668977,1.555122,0.931782,0.936377,0.408829,0.393207
1,5,0.938074,1.023565,2.216138,2.165118,1.172064,2.263734,1.931408,1.078848,1.251842,1.160351,1.606421,1.260323,0.881353
1,6,0.996666,2.339960,2.184221,0.933444,2.341199,2.188869,0.934935,1.071980,1.044702,0.974554,0.937544,0.254588,0.197465
1,7,0.979887,0.804079,0.965702,1.201004,0.820997,0.970035,1.181532,0.682210,0.782679,1.147270,1.155153,0.296913,0.247858
1,10,0.980170,1.138591,0.997670,0.876232,1.138591,1.002232,0.880238,0.642205,0.684232,1.065443,0.906956,0.268653,0.239573
1,11,0.987026,1.654969,1.152978,0.696676,1.654969,1.153063,0.696728,0.611445,0.443326,0.725047,0.691049,0.579908,0.198283
1,12,0.972641,-0.817232,-1.216031,1.487986,1.136957,1.412672,1.242502,1.174550,1.177876,1.002832,1.151216,0.448421,0.392921
1,13,0.975004,0.591528,0.574025,0.970410,1.545811,1.432421,0.926647,1.761020,1.645621,0.934470,0.914739,0.417648,0.386562
1,15,0.982043,3.126162,4.160589,1.330894,3.126162,4.160589,1.330894,0.994696,1.206048,1.212479,1.296776,1.270921,0.817119
2,0,0.993381,2.336418,2.074291,0.887808,2.336418,2.074291,0.887808,1.074888,1.086442,1.010749,0.904382,0.364303,0.268861
2,1,0.951990,1.023434,1.034566,1.010877,1.228010,1.297339,1.056457,1.141258,1.264202,1.107726,1.014395,0.499982,0.499496
2,3,0.902560,0.310086,0.680556,2.194734,0.502124,0.766820,1.527151,0.533992,0.573808,1.074563,1.301972,0.425829,0.382966
2,4,0.944988,0.299520,0.550037,1.836398,0.697719,0.862139,1.235654,0.935197,0.983966,1.052148,1.085099,0.377516,0.368185
2,5,0.988258,3.796667,3.581147,0.943235,3.796667,3.581147,0.943235,1.129329,1.247402,1.104551,0.946071,0.617421,0.579303
2,6,0.976051,1.472049,1.741708,1.183186,1.472049,1.742129,1.183472,0.912767,0.913363,1.000653,1.108384,0.467000,0.427650
2,7,0.910068,0.386745,0.736383,1.904055,0.658078,0.849118,1.290299,0.708763,0.656856,0.926764,1.112947,0.418644,0.408621
2,8,0.945540,0.169923,0.259181,1.525290,0.496115,0.438397,0.883661,0.678962,0.622631,0.917033,0.911275,0.227758,0.219162
2,9,0.998055,4.090243,3.369475,0.823784,4.090243,3.369475,0.823784,0.974190,0.864028,0.886919,0.825673,0.764305,0.216815
2,11,0.991282,1.883674,2.139337,1.135726,1.948259,2.165589,1.111551,1.282711,1.303174,1.015953,1.089711,0.388025,0.329875
2,13,0.968119,0.409062,0.298115,0.728777,0.781841,0.776597,0.993293,1.101396,1.167988,1.060461,0.993155,0.301501,0.301394
2,14,0.956776,-0.869596,-1.015141,1.167371,1.003892,1.170121,1.165584,0.780544,0.794881,1.018368,1.055821,0.380312,0.374687
3,1,0.990713,2.356711,2.044420,0.867489,2.356711,2.044420,0.867489,0.897677,0.730804,0.814106,0.852935,0.473914,0.295144
3,2,0.906848,0.943559,0.613586,0.650289,0.952834,0.653955,0.686326,0.502863,0.468716,0.932095,0.654701,0.491863,0.325184
3,3,0.937042,1.171100,0.752576,0.642623,1.171736,0.838612,0.715700,0.769920,0.780217,1.013374,0.724461,0.540341,0.378174
3,4,0.989314,2.403295,1.832366,0.762439,2.403295,1.832366,0.762439,0.748545,0.735535,0.982619,0.775946,0.633085,0.287804
3,5,0.990733,1.958679,2.319347,1.184138,1.999251,2.349516,1.175198,1.091956,1.071484,0.981252,1.128882,0.451430,0.346893
3,6,0.991009,2.355665,2.219216,0.942076,2.355665,2.219216,0.942076,0.773038,0.762251,0.986046,0.937915,0.349584,0.313888
3,7,0.955807,0.697686,1.021027,1.463449,1.126757,1.252239,1.111366,1.176571,1.167086,0.991939,1.083906,0.469585,0.455385
3,8,0.997265,8.367129,8.795979,1.051254,8.367129,8.795979,1.051254,1.349717,1.156164,0.856597,1.043919,0.753931,0.655645
3,9,0.992673,2.581554,2.849184,1.103670,2.581554,2.849184,1.103670,0.987638,0.944080,0.955897,1.078028,0.421871,0.362608
3,10,0.975179,3.249173,1.589581,0.489226,3.249173,1.589581,0.489226,0.918422,0.575573,0.626698,0.488224,1.767817,0.374238
3,12,0.989799,2.713789,2.524857,0.930381,2.713789,2.524857,0.930381,0.871115,0.847391,0.972766,0.924875,0.435603,0.379368
3,13,0.995284,6.137752,6.719300,1.094749,6.137752,6.719300,1.094749,1.265028,1.256943,0.993609,1.085682,0.853164,0.663038
3,14,0.948497,1.047973,0.896423,0.855387,1.049019,0.899228,0.857208,0.440735,0.401157,0.910200,0.819330,0.372681,0.311009
3,15,0.994325,2.355113,2.108918,0.895464,2.355113,2.108918,0.895464,1.011519,0.939060,0.928366,0.895539,0.363214,0.245517
4,0,0.984766,2.491838,2.221449,0.891490,2.491838,2.221449,0.891490,0.922628,1.105791,1.198524,0.919506,0.481421,0.431325
4,1,0.980141,1.872053,1.992475,1.064326,1.875782,2.004668,1.068711,1.080847,1.132692,1.047967,1.039216,0.462108,0.454274
4,2,0.956926,0.797238,0.989461,1.241111,0.901610,1.053858,1.168862,0.756368,0.818986,1.082787,1.118590,0.394710,0.372616
4,3,0.996433,2.473020,2.643980,1.069130,2.473020,2.643980,1.069130,0.787320,0.840756,1.067870,1.065202,0.288822,0.234079
4,4,0.993123,3.790333,4.068713,1.073445,3.790333,4.068713,1.073445,1.069829,1.063561,0.994141,1.060471,0.546866,0.492299
4,5,0.980466,1.745696,2.630098,1.506618,1.778319,2.635537,1.482038,1.000147,1.116778,1.116615,1.392753,0.969248,0.561839
4,6,0.957796,1.478045,2.512475,1.699864,1.726899,2.583121,1.495815,1.365281,1.310254,0.959696,1.349489,1.075403,0.814173
4,7,0.985584,1.861296,1.483542,0.797048,1.861296,1.488689,0.799813,1.017232,1.013844,0.996669,0.834777,0.463699,0.303818
4,9,0.966793,0.817855,0.821163,1.004046,0.867859,0.893289,1.029302,0.781720,0.877324,1.122301,1.026764,0.308264,0.306776
4,10,0.991220,5.778035,5.780363,1.000403,5.778035,5.780363,1.000403,1.711378,1.713691,1.001351,0.991695,0.798600,0.797031
4,11,0.993753,4.396050,4.085277,0.929306,4.396050,4.085277,0.929306,1.481084,1.303059,0.879801,0.918624,0.609406,0.478469
4,12,0.993541,1.870674,1.704051,0.910929,1.870674,1.707052,0.912533,0.936363,1.039996,1.110676,0.948008,0.251155,0.226404
4,13,0.990779,3.535135,3.779478,1.069119,3.535135,3.779478,1.069119,1.143397,1.111506,0.972108,1.050566,0.565770,0.533678
4,14,0.988036,1.508570,1.296260,0.859264,1.508989,1.313586,0.870507,0.939716,1.032977,1.099244,0.921237,0.291236,0.255428
4,15,0.983228,1.361744,2.048524,1.504339,1.426892,2.094659,1.467987,0.879582,1.120031,1.273367,1.416218,0.797432,0.425620
5,0,0.996937,11.081824,11.109474,1.002495,11.081824,11.109474,1.002495,1.442236,1.300722,0.901879,0.997843,0.875079,0.874747
5,1,0.940645,3.765247,2.564206,0.681019,3.765247,2.564206,0.681019,1.193499,0.709667,0.594611,0.633634,1.705435,0.902861
5,2,0.989329,7.644616,7.018782,0.918134,7.644616,7.018782,0.918134,1.313091,1.394965,1.062352,0.912719,1.243058,1.042553
5,3,0.987925,2.853974,2.367118,0.829411,2.853974,2.367118,0.829411,1.193759,1.119395,0.937706,0.836140,0.649054,0.405535
5,4,0.998208,10.388887,10.823254,1.041811,10.388887,10.823254,1.041811,1.300173,1.114578,0.857253,1.037361,0.759545,0.651080
5,5,0.997013,7.520396,7.745079,1.029876,7.520396,7.745079,1.029876,1.474256,1.519280,1.030540,1.026824,0.643299,0.609574
5,6,0.998632,15.116433,16.106503,1.065496,15.116433,16.106503,1.065496,1.424921,1.428651,1.002617,1.063504,1.282382,0.845480
5,7,0.966181,2.756194,3.791558,1.375650,2.808404,3.791558,1.350076,1.322730,1.586223,1.199204,1.299014,1.399138,1.059510
5,8,0.972174,3.102653,3.839666,1.237543,3.177167,3.839666,1.208519,1.558044,1.684647,1.081258,1.174183,1.153096,0.981940
5,9,0.985687,4.446473,4.699219,1.056842,4.446473,4.699219,1.056842,1.443547,1.670259,1.157052,1.051499,0.874371,0.840585
5,10,0.996379,5.820630,4.385036,0.753361,5.820630,4.385036,0.753361,1.448494,1.395940,0.963718,0.764386,1.466236,0.391181
5,11,0.960029,4.780952,4.307540,0.900980,4.794294,4.341553,0.905567,1.775152,1.826694,1.029035,0.880722,1.443575,1.309218
5,13,0.998798,5.284436,5.156964,0.975878,5.284436,5.156964,0.975878,1.568713,1.467240,0.935314,0.971498,0.306145,0.262771
5,14,0.983915,5.797277,5.604017,0.966664,5.797277,5.604017,0.966664,1.383664,1.341236,0.969336,0.951256,1.069459,1.029251
6,0,0.953251,2.962693,3.077630,1.038795,2.990967,3.115842,1.041751,1.246327,1.595335,1.280030,1.027975,1.050933,1.047081
6,1,0.992957,5.469872,4.470042,0.817211,5.469872,4.470042,0.817211,0.908139,0.876827,0.965520,0.815736,1.155415,0.539660
6,2,0.997077,5.217467,4.284333,0.821152,5.217467,4.284333,0.821152,1.293199,1.362483,1.053575,0.833867,0.956686,0.343425
6,3,0.918039,1.965899,2.072534,1.054243,1.965899,2.072534,1.054243,1.085792,1.109955,1.022254,0.961073,0.935844,0.931755
6,4,0.986135,4.909955,5.896671,1.200962,4.912044,5.896671,1.200452,1.754728,1.907903,1.087293,1.172196,1.364968,1.028283
6,5,0.981427,3.851901,3.017518,0.783384,3.851901,3.017518,0.783384,1.051702,0.976300,0.928305,0.779501,1.070029,0.608293
6,6,0.992140,10.283616,9.786149,0.951625,10.283616,9.786149,0.951625,2.225430,2.280659,1.024817,0.947501,1.373196,1.257219
6,7,0.997659,7.346689,7.650713,1.041382,7.346689,7.650713,1.041382,1.403952,1.468249,1.045797,1.039100,0.607643,0.532647
6,8,0.992535,5.112620,3.745557,0.732610,5.112620,3.745557,0.732610,1.370981,1.434446,1.046292,0.751981,1.400790,0.489038
6,9,0.997297,10.306001,9.546890,0.926343,10.306001,9.546890,0.926343,1.907956,1.983076,1.039372,0.927779,1.042130,0.716328
6,10,0.927966,2.165687,2.166599,1.000421,2.165791,2.180611,1.006843,0.826342,1.127979,1.365027,0.977705,0.911372,0.909907
6,11,0.962119,3.750860,3.744530,0.998313,3.750860,3.744530,0.998313,1.113428,1.103135,0.990756,0.959910,1.075583,1.064088
6,12,0.997139,11.278336,10.614966,0.941182,11.278336,10.614966,0.941182,2.567382,2.528285,0.984772,0.940669,1.072900,0.824767
6,14,0.964363,2.510545,2.123417,0.845799,2.510545,2.126283,0.846941,1.032180,1.092503,1.058442,0.848271,0.753921,0.631558
6,15,0.984922,4.144225,4.116538,0.993319,4.144225,4.116538,0.993319,1.292886,1.606719,1.242738,1.002481,0.764353,0.764277
7,0,0.995440,9.335885,9.860362,1.056179,9.335885,9.860362,1.056179,1.240686,1.215497,0.979698,1.050093,1.058616,0.947688
7,1,0.989079,4.983407,4.949214,0.993139,4.983407,4.949214,0.993139,0.872021,0.933106,1.070050,0.984629,0.746301,0.742238
7,2,0.997294,3.545662,3.630143,1.023827,3.545662,3.630143,1.023827,1.034293,1.104450,1.067831,1.024552,0.293296,0.278930
7,3,0.981059,6.307268,5.561941,0.881830,6.307268,5.561941,0.881830,1.407468,1.418107,1.007559,0.871350,1.388171,1.111729
7,5,0.911190,3.005683,3.486122,1.159843,3.005683,3.486122,1.159843,1.070705,1.177379,1.099630,1.050823,1.524278,1.515632
7,6,0.976690,7.071616,6.572231,0.929382,7.071616,6.572231,0.929382,1.595057,1.675558,1.050469,0.913774,1.584207,1.455701
7,7,0.981296,3.354008,4.402149,1.312504,3.354008,4.402149,1.312504,1.611926,2.065222,1.281214,1.282268,1.406443,0.935720
7,8,0.996406,6.234912,6.141318,0.984989,6.234912,6.141318,0.984989,1.573159,1.557223,0.989870,0.981739,0.549298,0.536604
7,9,0.998447,10.009843,9.690387,0.968086,10.009843,9.690387,0.968086,1.266380,1.294452,1.022167,0.967453,0.636002,0.544669
7,10,0.999205,24.837860,24.972227,1.005410,24.837860,24.972227,1.005410,1.701464,1.785947,1.049653,1.004820,1.005343,0.998155
7,11,0.998004,6.152579,5.836667,0.948654,6.152579,5.836667,0.948654,1.146202,1.244654,1.085894,0.951656,0.483250,0.376828
7,12,0.993107,9.786808,9.563906,0.977224,9.786808,9.563906,0.977224,1.373489,1.541816,1.122554,0.973467,1.165338,1.135454
7,13,0.990359,6.243770,5.550119,0.888905,6.243770,5.550119,0.888905,1.169809,1.213917,1.037705,0.885714,1.070643,0.786943
7,14,0.971617,3.463313,2.674888,0.772350,3.463313,2.674888,0.772350,1.483296,1.151977,0.776633,0.751072,1.163365,0.688750
8,0,0.984480,3.425448,4.219825,1.231904,3.443230,4.237144,1.230573,1.672181,2.159908,1.291671,1.224292,1.192453,0.831589
8,1,0.978006,5.284024,4.612157,0.872849,5.295027,4.637048,0.875737,1.954895,2.188905,1.119704,0.886097,1.242847,1.064444
8,3,0.987447,4.743507,3.777175,0.796283,4.743507,3.777175,0.796283,1.373529,1.435180,1.044885,0.807866,1.143296,0.638065
8,4,0.999295,10.312696,10.879287,1.054941,10.312696,10.879287,1.054941,1.846439,2.021465,1.094791,1.055452,0.714165,0.415410
8,5,0.975989,-1.929977,-2.236718,1.158935,2.030904,2.350392,1.157313,0.932577,0.872780,0.935880,1.093353,0.559802,0.522846
8,6,0.988288,4.304101,4.697939,1.091503,4.304101,4.698904,1.091727,1.579198,2.057249,1.302718,1.105456,0.919671,0.782399
8,7,0.995196,6.273102,7.492968,1.194460,6.273102,7.492968,1.194460,2.333116,2.403485,1.030161,1.170137,1.374541,0.770264
8,8,0.996239,5.452981,5.312087,0.974162,5.452981,5.312087,0.974162,1.999966,2.133064,1.066550,0.981823,0.506980,0.495871
8,9,0.994982,5.379174,5.305982,0.986393,5.379174,5.305982,0.986393,1.108628,1.293963,1.167175,0.989382,0.549502,0.546399
8,10,0.994327,6.722087,6.647893,0.988963,6.722087,6.647893,0.988963,1.252587,1.280461,1.022253,0.984477,0.727841,0.720061
8,11,0.991764,4.978398,5.647087,1.134318,4.978398,5.647087,1.134318,1.311331,1.234991,0.941785,1.113623,0.943456,0.740286
8,12,0.954787,3.208595,3.357889,1.046530,3.208595,3.357889,1.046530,1.215945,1.960906,1.612659,1.081749,1.188983,1.155439
8,13,0.994997,7.415615,7.227075,0.974575,7.415615,7.227075,0.974575,1.158431,1.418310,1.224337,0.976330,0.756857,0.735714
8,14,0.982112,4.477922,4.917809,1.098235,4.477922,4.927682,1.100439,1.542797,2.185339,1.416479,1.115784,1.151862,1.013011
9,0,0.985993,3.319266,3.284783,0.989611,3.319266,3.284783,0.989611,1.700009,1.596351,0.939025,0.965629,0.622242,0.608907
9,2,0.983822,2.739783,2.114327,0.771713,2.739783,2.114327,0.771713,1.166043,1.160676,0.995397,0.796809,0.743216,0.431903
9,3,0.995437,5.492708,5.713860,1.040263,5.492708,5.713860,1.040263,1.736089,1.915720,1.103468,1.041367,0.622332,0.574919
9,4,0.994691,5.600015,6.311625,1.127073,5.600015,6.311625,1.127073,1.162976,1.280925,1.101420,1.120050,0.954224,0.662695
9,5,0.992666,5.437792,6.243752,1.148215,5.437792,6.243752,1.148215,1.851262,2.177782,1.176377,1.142718,1.144824,0.799250
9,6,0.994795,7.882536,8.864706,1.124601,7.882536,8.864706,1.124601,2.447737,2.335854,0.954291,1.104939,1.273705,0.934004
9,7,0.998838,6.243583,5.833099,0.934255,6.243583,5.833099,0.934255,0.914727,1.019192,1.114203,0.937285,0.487857,0.285315
9,9,0.994981,6.377893,6.371100,0.998935,6.377893,6.371100,0.998935,2.066709,2.174888,1.052344,0.999074,0.673566,0.673538
9,10,0.995944,7.677872,6.824731,0.888883,7.677872,6.824731,0.888883,1.278436,0.995974,0.779056,0.882515,1.105091,0.620558
9,11,0.990819,4.864500,3.564268,0.732710,4.864500,3.564268,0.732710,1.115695,1.183303,1.060597,0.745514,1.367665,0.507641
9,13,0.988781,3.070536,2.546673,0.829390,3.070536,2.546673,0.829390,1.107832,1.113304,1.004940,0.841829,0.662356,0.415038
9,14,0.995711,5.277446,5.520196,1.045998,5.277446,5.520196,1.045998,1.379226,1.493697,1.082997,1.043896,0.580691,0.529041
9,15,0.998888,9.627922,9.209128,0.956502,9.627922,9.209128,0.956502,2.290368,2.231472,0.974285,0.956395,0.621039,0.446654
10,0,0.939155,4.025408,2.414766,0.599881,4.025408,2.437308,0.605481,1.752975,1.854897,1.058142,0.651058,1.854197,1.045158
10,1,0.997630,18.322758,18.311808,0.999402,18.322758,18.311808,0.999402,1.721791,1.512542,0.878470,0.996045,1.266409,1.264315
10,2,0.989839,5.424268,4.729249,0.871869,5.424268,4.729249,0.871869,1.721238,1.808270,1.050563,0.880606,0.989729,0.719774
10,3,0.967889,3.379471,2.264536,0.670086,3.379471,2.268919,0.671383,1.428832,1.477720,1.034215,0.713101,1.252572,0.679332
10,4,0.999347,7.722399,7.125139,0.922659,7.722399,7.125139,0.922659,0.901720,0.983531,1.090728,0.924508,0.641903,0.259923
10,5,0.998583,9.360434,9.592443,1.024786,9.360434,9.592443,1.024786,1.454008,1.536347,1.056629,1.024091,0.565154,0.517035
10,6,0.990277,7.740368,7.459382,0.963699,7.740368,7.459382,0.963699,1.672993,1.562858,0.934168,0.953048,1.123410,1.060105
10,7,0.998761,6.816297,5.417809,0.794832,6.816297,5.417809,0.794832,1.086896,1.059717,0.974994,0.798780,1.415733,0.274664
10,8,0.994820,6.826525,7.141845,1.046190,6.826525,7.141845,1.046190,2.201708,2.282220,1.036568,1.039877,0.813872,0.761976
10,9,0.987703,7.693060,8.006163,1.040699,7.693060,8.006163,1.040699,1.288112,1.216200,0.944172,1.025429,1.281448,1.266006
10,10,0.988817,12.519960,12.133940,0.969168,12.519960,12.133940,0.969168,1.929397,1.871375,0.969927,0.958347,1.905400,1.830890
10,11,0.997126,8.328607,8.018741,0.962795,8.328607,8.018741,0.962795,1.856424,1.880470,1.012953,0.962445,0.701352,0.623877
10,12,0.984663,4.654810,3.205204,0.688579,4.654810,3.205204,0.688579,1.503183,1.586220,1.055241,0.719753,1.505809,0.623688
10,13,0.998006,10.480547,10.976362,1.047308,10.480547,10.976362,1.047308,1.335925,1.454885,1.089047,1.045896,0.850660,0.698931
10,14,0.909495,3.369001,2.254531,0.669199,3.369001,2.254531,0.669199,2.108881,1.969300,0.933813,0.684788,1.764624,1.243387
10,15,0.992378,4.621338,4.926938,1.066128,4.621338,4.926938,1.066128,2.068515,2.131527,1.030463,1.052196,0.712163,0.661347
11,0,0.999555,9.237181,9.389726,1.016514,9.237181,9.389726,1.016514,1.266644,1.211127,0.956170,1.014985,0.315028,0.282352
11,1,0.999351,9.609282,10.520954,1.094874,9.609282,10.520954,1.094874,1.918147,1.992437,1.038730,1.092074,0.981148,0.385698
11,2,0.996359,5.636644,6.023476,1.068628,5.636644,6.023476,1.068628,1.871901,1.965136,1.049808,1.062896,0.656622,0.540054
11,4,0.941488,3.775968,2.430565,0.643693,3.777053,2.494291,0.660380,2.025872,2.402477,1.185898,0.750475,1.570509,1.150748
11,5,0.983151,4.154196,5.197685,1.251189,4.154196,5.197685,1.251189,2.008111,2.183995,1.087587,1.201389,1.387198,1.030291
11,7,0.903435,3.777254,3.207753,0.849229,3.777254,3.207753,0.849229,2.199316,1.873626,0.851913,0.767836,1.887520,1.591857
11,8,0.992769,4.157978,4.093584,0.984513,4.157978,4.093584,0.984513,1.793812,1.854041,1.033576,0.985170,0.543443,0.539280
11,9,0.995881,3.625887,3.093362,0.853132,3.629765,3.100649,0.854229,1.538561,1.504477,0.977847,0.869651,0.600537,0.311769
11,11,0.997229,6.665429,5.452155,0.817975,6.665429,5.452155,0.817975,1.197116,1.239942,1.035774,0.823334,1.266567,0.415939
11,12,0.902153,4.130662,2.067297,0.500476,4.130662,2.093584,0.506840,1.619154,1.737583,1.073142,0.548826,2.315146,1.164109
11,13,0.999353,9.892299,10.954831,1.107410,9.892299,10.954831,1.107410,1.645941,1.849457,1.123647,1.107133,1.146173,0.399491
11,14,0.992444,4.811502,5.789006,1.203160,4.811502,5.789006,1.203160,2.429419,2.593716,1.067628,1.168080,1.193948,0.778074
11,15,0.999295,9.360631,10.053476,1.074017,9.360631,10.053476,1.074017,1.497177,1.686594,1.126516,1.074595,0.803982,0.382629
12,0,0.988459,-2.793502,-3.356408,1.201505,2.865619,3.439612,1.200303,0.870557,0.861930,0.990091,1.170707,0.724515,0.524898
12,1,0.988950,7.207337,7.950302,1.103085,7.207337,7.950302,1.103085,1.885478,1.721332,0.912942,1.079874,1.344602,1.205801
12,2,0.920529,1.349481,2.420537,1.793680,1.777771,2.532966,1.424799,2.257185,2.455354,1.087795,1.207415,1.451705,1.345650
12,3,0.999747,-3.393911,-3.703137,1.091112,3.485060,3.807830,1.092615,0.894471,0.989416,1.106146,1.091814,0.333566,0.086303
12,4,0.974247,2.948252,4.014795,1.361755,2.968616,4.014795,1.352413,2.340955,2.571186,1.098349,1.234033,1.389023,1.074395
12,5,0.911308,2.686944,3.009527,1.120056,2.686994,3.030461,1.127826,1.778713,2.220366,1.248299,1.057595,1.549909,1.538771
12,7,0.969424,4.981237,4.258357,0.854879,4.981237,4.258357,0.854879,1.096861,1.430201,1.303904,0.853687,1.330963,1.102103
12,8,0.930895,4.125742,3.982485,0.965277,4.135114,3.988491,0.964542,2.352195,2.263721,0.962387,0.897914,1.741329,1.672543
12,9,0.998701,7.133491,8.424690,1.181005,7.133491,8.424690,1.181005,1.465943,1.597679,1.089864,1.175933,1.353583,0.436870
12,10,0.994938,3.285849,2.621813,0.797910,3.285849,2.621813,0.797910,1.138706,1.126044,0.988881,0.816285,0.700121,0.286656
12,11,0.949237,3.894034,4.360447,1.119776,3.895600,4.360447,1.119326,2.209919,2.247965,1.017216,1.040125,1.552964,1.542547
12,12,0.978344,4.292494,5.967296,1.390170,4.292494,5.967296,1.390170,2.850399,2.974537,1.043551,1.266240,1.944957,1.379541
12,14,0.962338,5.039669,5.406445,1.072778,5.039669,5.407193,1.072926,2.331732,2.588553,1.110142,1.038785,1.643128,1.628963
13,0,0.935095,4.595139,3.789764,0.824733,4.595139,3.789764,0.824733,1.463991,1.340436,0.915604,0.779392,1.777695,1.424312
13,1,0.949907,4.376530,4.424067,1.010862,4.377523,4.425643,1.010993,1.822736,2.113206,1.159359,0.982279,1.534049,1.531748
13,3,0.943617,4.007833,4.167186,1.039760,4.008790,4.173481,1.041082,1.960401,2.025939,1.033431,0.979989,1.535906,1.533311
13,4,0.986622,8.114841,7.572601,0.933179,8.114841,7.572601,0.933179,1.557980,1.537743,0.987011,0.922628,1.412552,1.259612
13,5,0.985854,3.722113,2.385070,0.640784,3.722113,2.385070,0.640784,1.128308,0.844309,0.748296,0.641280,1.457971,0.423975
13,6,0.998151,7.594175,8.103387,1.067053,7.594175,8.103387,1.067053,1.482067,1.584973,1.069434,1.065167,0.711349,0.501805
13,7,0.920422,1.872566,1.528893,0.816469,2.031100,1.676570,0.825449,1.815263,1.675965,0.923263,0.800529,1.027090,0.885889
13,8,0.908430,2.650370,1.249771,0.471546,2.650370,1.252219,0.472470,1.316381,0.974295,0.740132,0.486285,1.657552,0.661959
13,9,0.924436,3.357100,3.736738,1.113085,3.410979,3.736738,1.095503,2.100765,2.241234,1.066866,1.017169,1.662135,1.660745
13,10,0.924483,2.913083,3.782548,1.298469,2.928475,3.782548,1.291644,1.769030,1.885861,1.066042,1.146649,1.686341,1.610654
13,11,0.910012,5.261729,4.433729,0.842637,5.261729,4.433729,0.842637,1.683546,1.701041,1.010392,0.782189,2.306849,1.968286
13,12,0.946238,4.985218,4.496780,0.902023,4.985218,4.496780,0.902023,2.298948,1.934507,0.841475,0.843794,1.800199,1.582989
13,14,0.946478,4.820696,4.798707,0.995439,4.820696,4.798707,0.995439,2.028145,1.955774,0.964317,0.937805,1.703426,1.672099
13,15,0.996408,-1.935938,-2.532294,1.308045,2.039764,2.644695,1.296569,0.757962,0.865387,1.141729,1.282625,0.629618,0.226584
14,1,0.997229,9.726396,8.843260,0.909202,9.726396,8.843260,0.909202,1.811633,1.976891,1.091220,0.913328,1.090674,0.674060
14,2,0.963363,4.691348,5.153028,1.098411,4.691348,5.153028,1.098411,1.880473,2.062825,1.096972,1.057977,1.516828,1.488270
14,4,0.973962,5.201771,5.747311,1.104876,5.201771,5.747311,1.104876,1.760720,1.841900,1.046106,1.070385,1.421536,1.367998
14,7,0.954808,5.782906,3.635808,0.628716,5.782906,3.635808,0.628716,0.911242,1.533208,1.682547,0.643395,2.394273,1.172455
14,14,0.956036,4.290905,4.527945,1.055242,4.290905,4.527945,1.055242,1.255206,1.409989,1.123313,1.014112,1.391890,1.390460
15,0,0.987497,4.260075,4.671915,1.096674,4.260075,4.671915,1.096674,1.246658,1.381097,1.107839,1.083834,0.853240,0.767848
15,1,0.971009,2.844723,2.686788,0.944481,2.844723,2.686788,0.944481,1.063042,1.205021,1.133560,0.941440,0.725778,0.703664
15,2,0.989867,4.800572,4.081647,0.850242,4.800572,4.081647,0.850242,1.055812,1.102750,1.044457,0.851416,0.945321,0.600280
15,3,0.985544,3.503347,3.445524,0.983495,3.503347,3.445524,0.983495,1.092296,1.104000,1.010715,0.971676,0.621607,0.612858
15,4,0.999265,-3.397985,-3.521923,1.036474,3.482522,3.614294,1.037838,0.883912,0.921472,1.042492,1.036093,0.188515,0.139582
15,5,0.989443,3.568039,3.899947,1.093023,3.568039,3.899947,1.093023,1.209988,1.129977,0.933874,1.066373,0.639255,0.588336
15,7,0.957599,2.957562,2.442846,0.825966,2.957562,2.442846,0.825966,1.090732,1.201811,1.101839,0.826910,0.955149,0.784053
15,8,0.971015,3.609731,3.939806,1.091440,3.609731,3.939806,1.091440,1.359645,1.371742,1.008897,1.050212,1.015557,0.996925
15,9,0.987027,3.763054,3.675682,0.976782,3.763054,3.675682,0.976782,1.278161,1.443188,1.129113,0.980674,0.638471,0.633836
15,10,0.987407,-2.235047,-1.904719,0.852206,2.388977,2.080883,0.871035,1.060688,1.071720,1.010401,0.872191,0.468337,0.345589
15,11,0.983046,4.097137,3.544890,0.865212,4.097137,3.544890,0.865212,1.429753,1.544523,1.080273,0.875878,0.890144,0.708780
15,12,0.997148,5.818580,6.150850,1.057105,5.818580,6.150850,1.057105,1.410160,1.784482,1.265446,1.066630,0.626629,0.483288
15,13,0.942859,2.532085,2.007365,0.792772,2.532085,2.007365,0.792772,1.218458,1.333727,1.094602,0.808474,0.966166,0.802524
15,14,0.977528,3.808151,3.504994,0.920393,3.808151,3.504994,0.920393,1.081770,1.083201,1.001323,0.905833,0.858380,0.773230
