block,head,n,n_images,frac,cosine_mean,a_mean,a_std,a_min,a_max,a_range,ratio_mean,ratio_std
0,1,22,22,1.0,0.946354,0.854775,0.015642,0.827316,0.886124,0.058808,0.625255,0.050166
0,2,22,22,1.0,0.958476,0.883957,0.036447,0.833093,0.978814,0.145721,1.282917,1.498402
0,3,22,22,1.0,0.957787,1.012606,0.0463,0.932849,1.094593,0.161744,1.199534,0.194688
0,4,8,22,0.363636,0.912657,0.900736,0.07518,0.833959,1.02416,0.190202,1.211324,0.438097
0,6,22,22,1.0,0.947112,0.959227,0.001699,0.954241,0.961317,0.007077,0.639301,0.036719
0,7,22,22,1.0,0.98825,1.045425,0.02195,0.995402,1.073828,0.078425,1.073376,0.031882
0,8,22,22,1.0,0.956111,0.814851,0.032281,0.743836,0.867404,0.123568,0.777493,0.035425
0,9,10,22,0.454545,0.947969,1.057512,0.05148,0.954536,1.139828,0.185292,1.783983,1.301745
0,10,22,22,1.0,0.961978,0.902492,0.020822,0.860271,0.940976,0.080705,0.994386,0.326779
0,12,4,22,0.181818,0.917592,0.7744,0.021736,0.746608,0.797727,0.051119,0.728447,0.033915
0,13,22,22,1.0,0.975303,1.044998,0.021319,1.016191,1.094529,0.078338,1.09185,0.055181
0,14,22,22,1.0,0.95495,0.876214,0.08933,0.752938,1.055161,0.302223,0.886609,0.301747
0,15,22,22,1.0,0.990751,1.011712,0.003352,1.00595,1.017281,0.01133,1.223722,0.029642
1,0,22,22,1.0,0.979743,1.006091,0.008259,0.991502,1.020701,0.0292,1.111818,0.02605
1,1,22,22,1.0,0.982295,0.956035,0.023923,0.892781,0.994102,0.101321,0.929462,0.054761
1,2,22,22,1.0,0.967944,0.987176,0.025035,0.917233,1.038526,0.121293,1.120938,0.118789
1,4,22,22,1.0,0.961689,0.919701,0.025126,0.875171,0.960636,0.085465,1.119129,0.378683
1,5,22,22,1.0,0.92347,1.200744,0.006844,1.188006,1.21401,0.026004,2.092796,0.062033
1,6,22,22,1.0,0.98694,0.976639,0.015581,0.937602,0.999216,0.061614,0.973543,0.028002
1,7,22,22,1.0,0.954906,0.982052,0.003134,0.976906,0.98844,0.011534,1.257851,0.044165
1,8,22,22,1.0,0.926407,1.058374,0.009089,1.037959,1.069366,0.031408,3.045863,0.298678
1,9,22,22,1.0,0.940414,0.939354,0.01528,0.898669,0.959072,0.060402,0.474242,0.167745
1,10,22,22,1.0,0.953319,0.959416,0.002428,0.955418,0.963763,0.008345,0.77494,0.091031
1,11,22,22,1.0,0.966741,0.962513,0.002103,0.958711,0.966035,0.007324,0.681811,0.023697
1,12,22,22,1.0,0.955913,1.082154,0.026107,1.039447,1.124154,0.084707,1.604618,0.171813
1,13,22,22,1.0,0.961207,0.880489,0.028943,0.808086,0.919366,0.11128,0.876808,0.09925
1,15,22,22,1.0,0.968858,1.187646,0.03162,1.109353,1.250248,0.140895,1.289355,0.067318
2,0,22,22,1.0,0.962423,0.950563,0.002536,0.945882,0.954858,0.008976,0.877755,0.013113
2,1,22,22,1.0,0.962702,0.959253,0.019823,0.919078,0.997916,0.078837,0.973815,0.033932
2,2,22,22,1.0,0.962191,1.028694,0.002161,1.024694,1.033435,0.00874,2.226237,0.16322
2,3,22,22,1.0,0.965711,1.043718,0.002154,1.039746,1.048446,0.0087,2.111828,0.183333
2,4,22,22,1.0,0.942997,1.058816,0.040939,0.976387,1.129818,0.153431,1.679229,0.432276
2,5,22,22,1.0,0.983351,0.999016,0.019048,0.958178,1.037316,0.079138,0.990795,0.025405
2,6,22,22,1.0,0.955351,1.061787,0.005716,1.050745,1.075959,0.025215,1.148861,0.021693
2,7,22,22,1.0,0.960753,1.021128,0.002189,1.016217,1.026049,0.009832,1.826623,0.120122
2,8,22,22,1.0,0.941207,0.958273,0.042164,0.889499,1.034285,0.144785,4.707008,15.622289
2,9,22,22,1.0,0.979759,0.879384,0.005822,0.862135,0.887005,0.02487,0.825272,0.011975
2,10,22,22,1.0,0.918656,1.025774,0.013403,0.994244,1.043329,0.049085,2.882458,0.742729
2,11,22,22,1.0,0.983473,1.0472,0.026128,0.997396,1.107013,0.109617,1.117274,0.063481
2,12,22,22,1.0,0.961574,1.031835,0.002695,1.025761,1.036033,0.010272,2.186476,0.128831
2,13,22,22,1.0,0.938587,0.957545,0.026577,0.907205,1.003588,0.096382,0.879872,0.114908
2,14,22,22,1.0,0.934809,0.978616,0.009039,0.962289,0.99141,0.029121,1.149865,0.04228
2,15,22,22,1.0,0.947381,1.045613,0.005555,1.032173,1.052809,0.020636,3.868093,1.326548
3,0,22,22,1.0,0.937988,0.981993,0.008812,0.967084,0.998746,0.031661,1.060935,0.097927
3,1,22,22,1.0,0.956178,0.937554,0.004508,0.930506,0.945657,0.015151,0.844805,0.026064
3,2,22,22,1.0,0.93345,0.955944,0.005265,0.946473,0.97025,0.023777,0.663756,0.044784
3,3,22,22,1.0,0.9576,0.960139,0.005416,0.951131,0.971492,0.020361,0.671325,0.021525
3,4,22,22,1.0,0.92235,0.895494,0.005196,0.887804,0.905127,0.017324,0.743455,0.01865
3,5,22,22,1.0,0.976776,1.110399,0.01933,1.07505,1.136683,0.061633,1.237408,0.055413
3,6,22,22,1.0,0.964362,0.982446,0.002639,0.977792,0.988169,0.010377,0.904542,0.023195
3,7,22,22,1.0,0.954883,0.988053,0.005144,0.9789,0.99843,0.01953,1.54951,0.07805
3,8,22,22,1.0,0.992301,1.025531,0.014606,0.989365,1.051238,0.061873,1.035646,0.018022
3,9,22,22,1.0,0.984387,1.051503,0.022482,1.011227,1.109092,0.097865,1.100548,0.031522
3,10,5,22,0.227273,0.903995,0.806295,0.003837,0.802367,0.812676,0.010309,0.571233,0.010483
3,12,22,22,1.0,0.978972,0.979194,0.017091,0.947185,1.019904,0.07272,0.960051,0.028137
3,13,22,22,1.0,0.987995,1.092284,0.026187,1.059665,1.151641,0.091976,1.107039,0.03026
3,14,22,22,1.0,0.937862,0.976561,0.004321,0.968774,0.985541,0.016768,0.890284,0.032227
3,15,22,22,1.0,0.974776,0.973848,0.004707,0.96672,0.983101,0.016381,0.856583,0.020107
4,0,22,22,1.0,0.963601,0.933592,0.007728,0.919888,0.947426,0.027538,0.899833,0.02569
4,1,22,22,1.0,0.977389,1.092302,0.016882,1.056627,1.122682,0.066055,1.118413,0.040488
4,2,22,22,1.0,0.956979,1.015533,0.003615,1.007451,1.02165,0.014199,1.313065,0.073103
4,3,22,22,1.0,0.968229,1.048295,0.013439,1.022227,1.068322,0.046095,1.109865,0.029403
4,4,22,22,1.0,0.989259,1.054609,0.010084,1.03626,1.0686,0.03234,1.071595,0.01444
4,5,22,22,1.0,0.958673,1.126713,0.012327,1.093895,1.139459,0.045564,1.523654,0.046288
4,6,22,22,1.0,0.956255,1.106898,0.008941,1.086033,1.119341,0.033309,1.658956,0.053529
4,7,22,22,1.0,0.973997,0.956535,0.002647,0.950933,0.961545,0.010611,0.787815,0.014824
4,9,22,22,1.0,0.963296,1.016292,0.003423,1.009792,1.021721,0.011929,1.024774,0.037043
4,10,22,22,1.0,0.990488,1.005349,0.018574,0.970988,1.039009,0.068021,1.006983,0.023239
4,11,22,22,1.0,0.980857,0.93223,0.006639,0.922003,0.945715,0.023711,0.9362,0.010255
4,12,22,22,1.0,0.957321,0.961313,0.00277,0.956028,0.96603,0.010002,0.889938,0.010982
4,13,22,22,1.0,0.978457,1.065413,0.036133,1.01498,1.161902,0.146922,1.100016,0.063104
4,14,22,22,1.0,0.974496,0.992216,0.002814,0.98599,0.997634,0.011643,0.838115,0.015536
4,15,22,22,1.0,0.950517,1.093661,0.011832,1.063564,1.108475,0.044911,1.598743,0.083996
5,0,22,22,1.0,0.992211,0.992371,0.010193,0.961478,1.003696,0.042217,0.996783,0.012383
5,1,16,22,0.727273,0.917205,0.75538,0.013937,0.72666,0.779734,0.053074,0.636808,0.035348
5,2,22,22,1.0,0.98521,0.930562,0.018726,0.88474,0.956289,0.071549,0.930954,0.024995
5,3,22,22,1.0,0.980886,0.941814,0.006426,0.930999,0.953397,0.022399,0.847758,0.025518
5,4,22,22,1.0,0.996012,1.039626,0.014143,1.019162,1.066302,0.047139,1.045993,0.017122
5,5,22,22,1.0,0.990436,1.005876,0.014877,0.968856,1.028727,0.059871,1.007275,0.017876
5,6,22,22,1.0,0.996611,1.051957,0.01595,1.029375,1.095276,0.065901,1.057157,0.019715
5,7,22,22,1.0,0.945561,1.105283,0.011603,1.085677,1.129933,0.044256,1.372104,0.046872
5,8,22,22,1.0,0.96348,1.078276,0.007195,1.067551,1.09179,0.024239,1.218048,0.035094
5,9,22,22,1.0,0.973173,1.028262,0.018412,0.985482,1.05962,0.074138,1.075209,0.033757
5,10,22,22,1.0,0.962832,0.806709,0.005995,0.797282,0.819913,0.022631,0.747944,0.007367
5,11,22,22,1.0,0.958222,0.929882,0.018297,0.897306,0.95483,0.057524,0.958234,0.027314
5,12,19,22,0.863636,0.914445,0.843933,0.01662,0.802349,0.881122,0.078774,0.719408,0.058524
5,13,22,22,1.0,0.990081,0.992805,0.00329,0.986856,0.999234,0.012379,0.9741,0.007403
5,14,22,22,1.0,0.982431,0.952601,0.01369,0.931261,0.990014,0.058752,0.959026,0.020643
5,15,14,22,0.636364,0.918254,0.842388,0.017861,0.811115,0.863473,0.052357,0.813497,0.028583
6,0,22,22,1.0,0.946922,0.9681,0.007179,0.951888,0.978465,0.026577,1.029468,0.02932
6,1,22,22,1.0,0.970521,0.872211,0.011071,0.854329,0.891345,0.037016,0.83581,0.019407
6,2,22,22,1.0,0.981087,0.908995,0.004106,0.901191,0.916688,0.015497,0.827543,0.006716
6,3,19,22,0.863636,0.925188,0.962467,0.013684,0.934056,0.983118,0.049062,1.055562,0.041606
6,4,22,22,1.0,0.976588,1.128306,0.010994,1.110135,1.154609,0.044474,1.21849,0.02137
6,5,22,22,1.0,0.947674,0.846085,0.013926,0.816772,0.869835,0.053062,0.741257,0.039535
6,6,22,22,1.0,0.991377,0.954837,0.010497,0.928388,0.976566,0.048179,0.954947,0.013158
6,7,22,22,1.0,0.989066,1.015875,0.014313,0.990657,1.042962,0.052305,1.0227,0.017112
6,8,22,22,1.0,0.960088,0.846705,0.005582,0.835049,0.857598,0.022549,0.729875,0.00685
6,9,22,22,1.0,0.994287,0.960145,0.009595,0.940871,0.984202,0.043331,0.951918,0.013446
6,10,22,22,1.0,0.946414,0.994887,0.010006,0.977112,1.012875,0.035763,1.018136,0.034077
6,11,22,22,1.0,0.941499,0.970077,0.010591,0.953931,0.986882,0.032951,1.038293,0.029393
6,12,22,22,1.0,0.993181,0.966516,0.010537,0.944649,0.991483,0.046834,0.952319,0.013786
6,13,15,22,0.681818,0.908762,0.972112,0.006489,0.961528,0.985253,0.023726,1.861603,0.266284
6,14,22,22,1.0,0.961707,0.930851,0.016184,0.899294,0.961984,0.06269,0.807298,0.053381
6,15,22,22,1.0,0.980979,0.988616,0.012996,0.972252,1.01765,0.045397,0.996799,0.026248
7,0,22,22,1.0,0.990201,1.03706,0.010622,1.008324,1.052434,0.04411,1.043993,0.012507
7,1,22,22,1.0,0.974326,0.993544,0.013707,0.968587,1.024267,0.055681,1.002995,0.020659
7,2,22,22,1.0,0.975688,0.985551,0.007471,0.965493,0.999637,0.034144,1.002673,0.019793
7,3,22,22,1.0,0.973934,0.89677,0.016938,0.862882,0.930652,0.06777,0.904182,0.026737
7,4,16,22,0.727273,0.924766,0.741933,0.009701,0.71685,0.756352,0.039502,0.592068,0.041543
7,5,21,22,0.954545,0.925179,1.017911,0.016674,0.986496,1.047407,0.060911,1.136318,0.036252
7,6,22,22,1.0,0.973846,0.955487,0.01503,0.926579,0.980559,0.053981,0.964849,0.02422
7,7,22,22,1.0,0.969529,1.154439,0.006969,1.14142,1.166068,0.024649,1.295183,0.030362
7,8,22,22,1.0,0.97538,1.024345,0.021268,0.970601,1.05558,0.084979,0.994135,0.029596
7,9,22,22,1.0,0.991513,0.957279,0.01089,0.927927,0.980822,0.052894,0.954625,0.015233
7,10,22,22,1.0,0.998042,1.009218,0.004861,1.000671,1.020824,0.020153,1.010322,0.005289
7,11,22,22,1.0,0.99237,0.956264,0.015097,0.931135,0.99415,0.063015,0.944079,0.020827
7,12,22,22,1.0,0.989025,0.982578,0.00935,0.969391,0.997646,0.028255,0.984202,0.013063
7,13,22,22,1.0,0.971644,0.889402,0.011134,0.868927,0.909117,0.04019,0.874053,0.015055
7,14,22,22,1.0,0.967289,0.816167,0.016837,0.78471,0.846672,0.061962,0.796279,0.048475
8,0,22,22,1.0,0.963165,1.094797,0.009725,1.077494,1.110834,0.03334,1.203604,0.028022
8,1,22,22,1.0,0.973228,0.918441,0.009982,0.896362,0.93618,0.039818,0.86666,0.016899
8,2,20,22,0.909091,0.914787,0.799017,0.014648,0.7762,0.823934,0.047734,0.705732,0.039685
8,3,22,22,1.0,0.971106,0.884459,0.008531,0.866224,0.896841,0.030618,0.832944,0.017314
8,4,22,22,1.0,0.986913,1.03364,0.02719,0.983483,1.101588,0.118106,1.026578,0.037104
8,5,22,22,1.0,0.96088,1.027092,0.024242,0.969597,1.084907,0.11531,1.11365,0.031555
8,6,22,22,1.0,0.971166,1.064711,0.017072,1.027559,1.101965,0.074406,1.122441,0.02957
8,7,22,22,1.0,0.988208,1.087791,0.007408,1.068272,1.098451,0.030179,1.171343,0.019609
8,8,22,22,1.0,0.988537,0.992483,0.004608,0.983944,1.000159,0.016215,0.968774,0.008829
8,9,22,22,1.0,0.982453,0.992969,0.010561,0.974046,1.012291,0.038245,0.987785,0.01611
8,10,22,22,1.0,0.984129,0.972927,0.011177,0.949136,0.995566,0.04643,0.963437,0.014679
8,11,22,22,1.0,0.981201,1.040047,0.012029,1.020287,1.066121,0.045833,1.091897,0.025652
8,12,22,22,1.0,0.963415,1.024205,0.010745,1.005985,1.049113,0.043128,1.036949,0.023795
8,13,22,22,1.0,0.983186,0.984283,0.011368,0.963433,1.007635,0.044202,0.975348,0.018594
8,14,22,22,1.0,0.971955,1.08574,0.014009,1.052829,1.106621,0.053792,1.119276,0.027417
9,0,22,22,1.0,0.962289,0.949867,0.015092,0.925896,0.976046,0.050149,0.943496,0.050431
9,2,22,22,1.0,0.947593,0.876354,0.006345,0.867732,0.891431,0.0237,0.747275,0.023688
9,3,22,22,1.0,0.985105,1.041857,0.009987,1.019158,1.054547,0.03539,1.05359,0.015808
9,4,22,22,1.0,0.975175,1.095554,0.020607,1.05139,1.129472,0.078082,1.138302,0.028472
9,5,22,22,1.0,0.975042,1.079615,0.008835,1.064196,1.095269,0.031073,1.153459,0.01836
9,6,22,22,1.0,0.990368,1.065962,0.007987,1.051743,1.081149,0.029406,1.11286,0.01698
9,7,22,22,1.0,0.991377,0.939366,0.016081,0.91484,0.971775,0.056936,0.923767,0.020213
9,9,22,22,1.0,0.989143,1.005104,0.011178,0.976253,1.022216,0.045963,1.003234,0.020818
9,10,22,22,1.0,0.979151,0.892795,0.01196,0.871776,0.91442,0.042645,0.880467,0.015147
9,11,22,22,1.0,0.976374,0.820615,0.005285,0.81017,0.828613,0.018443,0.752056,0.021594
9,12,10,22,0.454545,0.909222,0.93098,0.012391,0.914463,0.950398,0.035935,1.046576,0.022596
9,13,22,22,1.0,0.949719,0.873299,0.008086,0.861061,0.892833,0.031772,0.802318,0.022862
9,14,22,22,1.0,0.983756,1.034411,0.012413,1.01159,1.058496,0.046906,1.051732,0.019257
9,15,22,22,1.0,0.993039,0.978955,0.008737,0.961143,1.000355,0.039213,0.955611,0.01301
10,0,22,22,1.0,0.938629,0.799198,0.011148,0.781378,0.818869,0.037491,0.612069,0.026938
10,1,22,22,1.0,0.994617,0.981807,0.011956,0.954647,1.001166,0.046519,0.985535,0.01238
10,2,22,22,1.0,0.969669,0.910238,0.013874,0.887055,0.944869,0.057814,0.844285,0.02328
10,3,21,22,0.954545,0.956026,0.778233,0.019646,0.737358,0.804495,0.067137,0.684859,0.052147
10,4,22,22,1.0,0.99585,0.927841,0.007982,0.908809,0.944577,0.035768,0.926606,0.008938
10,5,22,22,1.0,0.989214,1.025827,0.015429,0.994123,1.054742,0.060619,1.02758,0.020161
10,6,22,22,1.0,0.983612,0.965561,0.013005,0.94608,0.987607,0.041527,0.965672,0.016825
10,7,22,22,1.0,0.987909,0.855462,0.00788,0.839455,0.872616,0.033161,0.816327,0.014651
10,8,22,22,1.0,0.983821,1.034145,0.012348,1.01747,1.05632,0.03885,1.047865,0.017464
10,9,22,22,1.0,0.9765,0.979843,0.022902,0.93662,1.026106,0.089486,0.999847,0.022817
10,10,22,22,1.0,0.980858,0.941262,0.01436,0.905488,0.960534,0.055046,0.95846,0.013639
10,11,22,22,1.0,0.987797,0.982913,0.009589,0.970874,0.999501,0.028627,0.969008,0.013961
10,12,22,22,1.0,0.951388,0.792438,0.008139,0.780524,0.811487,0.030963,0.679132,0.013958
10,13,22,22,1.0,0.992685,1.038695,0.007352,1.02135,1.049378,0.028028,1.041936,0.008749
10,14,22,22,1.0,0.948703,0.854835,0.01405,0.812267,0.876533,0.064266,0.758232,0.048842
10,15,22,22,1.0,0.977582,1.032875,0.014147,1.000912,1.0609,0.059988,1.053966,0.023642
11,0,22,22,1.0,0.995629,1.017007,0.007817,1.003529,1.034274,0.030745,1.021652,0.009108
11,1,22,22,1.0,0.987387,1.096995,0.020782,1.057278,1.13415,0.076872,1.101502,0.026225
11,2,22,22,1.0,0.978323,1.056545,0.015415,1.023488,1.082467,0.058979,1.098712,0.024177
11,4,22,22,1.0,0.945748,0.818784,0.013827,0.793768,0.845666,0.051898,0.677896,0.035114
11,5,22,22,1.0,0.966152,1.114259,0.009058,1.100235,1.13418,0.033945,1.250402,0.036045
11,6,2,22,0.090909,0.901169,0.922682,0.002089,0.921205,0.924159,0.002955,1.055632,0.000884
11,7,22,22,1.0,0.934303,0.890358,0.0078,0.877328,0.905376,0.028048,0.876339,0.019863
11,8,22,22,1.0,0.968269,0.976335,0.015558,0.948098,1.019343,0.071245,0.974282,0.028154
11,9,22,22,1.0,0.97868,0.91461,0.013282,0.882977,0.930644,0.047667,0.855654,0.039935
11,10,10,22,0.454545,0.912483,0.887753,0.019574,0.852919,0.917813,0.064894,0.696826,0.090419
11,11,22,22,1.0,0.985864,0.843735,0.009687,0.815421,0.859482,0.044061,0.821306,0.012678
11,12,17,22,0.772727,0.910587,0.735768,0.005969,0.725314,0.748517,0.023203,0.51738,0.025469
11,13,22,22,1.0,0.987301,1.104476,0.027539,1.054138,1.159109,0.10497,1.106405,0.034972
11,14,22,22,1.0,0.973713,1.112476,0.011368,1.090889,1.139975,0.049086,1.196618,0.031142
11,15,22,22,1.0,0.987211,1.069944,0.016023,1.034608,1.108579,0.073971,1.067637,0.024083
12,0,22,22,1.0,0.985767,1.165885,0.017395,1.132215,1.200267,0.068053,1.202481,0.017128
12,1,22,22,1.0,0.980451,1.078441,0.016718,1.051999,1.121287,0.069287,1.098205,0.020698
12,2,22,22,1.0,0.927555,1.052416,0.019708,1.006507,1.082344,0.075837,1.789426,0.085007
12,3,22,22,1.0,0.998431,1.08954,0.006407,1.073722,1.099084,0.025362,1.08978,0.006418
12,4,22,22,1.0,0.955914,1.099308,0.018314,1.064614,1.128046,0.063432,1.373545,0.033034
12,6,22,22,1.0,0.909419,1.052233,0.017638,1.007692,1.078221,0.070528,2.283816,0.320514
12,7,22,22,1.0,0.962151,0.933977,0.019941,0.896501,0.970799,0.074298,0.909339,0.030781
12,8,22,22,1.0,0.935234,0.93758,0.011347,0.916629,0.955936,0.039306,0.973164,0.034381
12,9,22,22,1.0,0.984011,1.155732,0.012996,1.126805,1.176245,0.04944,1.178831,0.015439
12,10,22,22,1.0,0.975166,0.873047,0.01291,0.849081,0.899569,0.050487,0.81856,0.03683
12,11,22,22,1.0,0.938861,1.03473,0.010316,1.0138,1.052252,0.038453,1.193573,0.051574
12,12,22,22,1.0,0.966666,1.193704,0.010734,1.171059,1.217591,0.046533,1.37578,0.023235
12,13,3,22,0.136364,0.912448,0.910735,0.006152,0.907174,0.917838,0.010664,0.984277,0.007806
12,14,22,22,1.0,0.952741,1.054329,0.018249,1.01732,1.078177,0.060858,1.122746,0.027852
13,0,22,22,1.0,0.934409,0.874345,0.016028,0.849149,0.914216,0.065068,0.866773,0.023141
13,1,22,22,1.0,0.94732,1.009651,0.018232,0.968794,1.041687,0.072894,1.045468,0.034767
13,2,22,22,1.0,0.92419,0.987327,0.01138,0.972891,1.018357,0.045466,1.49108,0.0733
13,3,22,22,1.0,0.946012,0.998141,0.016686,0.966265,1.032123,0.065858,1.06058,0.029887
13,4,22,22,1.0,0.976301,0.932921,0.013024,0.912216,0.964413,0.052197,0.941606,0.015853
13,5,22,22,1.0,0.959237,0.713723,0.021069,0.668365,0.745802,0.077437,0.66605,0.041995
13,6,22,22,1.0,0.983691,1.070344,0.020391,1.029841,1.098348,0.068508,1.072215,0.022665
13,7,22,22,1.0,0.949209,0.934204,0.018235,0.901366,0.972144,0.070778,0.871208,0.065245
13,9,22,22,1.0,0.935893,1.03029,0.017486,0.993667,1.057436,0.063769,1.151109,0.042927
13,10,22,22,1.0,0.927002,1.078435,0.011751,1.053738,1.099674,0.045936,1.295808,0.02376
13,11,21,22,0.954545,0.91992,0.880172,0.018902,0.844165,0.917479,0.073315,0.893035,0.031088
13,12,22,22,1.0,0.946854,0.902526,0.013248,0.870817,0.923964,0.053147,0.932506,0.023207
13,13,22,22,1.0,0.922987,0.956506,0.010977,0.938565,0.9769,0.038335,0.930877,0.038622
13,14,22,22,1.0,0.947078,0.970763,0.019476,0.928297,1.001891,0.073594,1.003329,0.029812
13,15,22,22,1.0,0.987834,1.244012,0.03305,1.187562,1.315821,0.128259,1.292388,0.043631
14,1,22,22,1.0,0.983819,0.902585,0.022891,0.852737,0.951925,0.099187,0.88216,0.025788
14,2,22,22,1.0,0.958432,1.053835,0.017976,0.998342,1.073694,0.075352,1.113171,0.031745
14,4,22,22,1.0,0.964668,1.062682,0.018396,1.014465,1.083301,0.068835,1.127488,0.028134
14,7,22,22,1.0,0.951929,0.706255,0.007606,0.694423,0.722008,0.027585,0.648175,0.013309
14,8,22,22,1.0,0.923,0.949997,0.013051,0.909678,0.971469,0.061791,0.980803,0.03665
14,11,22,22,1.0,0.913328,1.061642,0.016599,1.031906,1.09016,0.058254,1.35496,0.038703
14,12,22,22,1.0,0.933509,1.000909,0.017248,0.95981,1.029018,0.069208,1.099196,0.059554
14,14,22,22,1.0,0.953039,1.021821,0.023248,0.958639,1.046094,0.087455,1.083104,0.039829
15,0,22,22,1.0,0.980964,1.059838,0.017045,1.010235,1.079576,0.069341,1.099173,0.030196
15,1,22,22,1.0,0.966967,0.9845,0.008546,0.960842,0.996118,0.035276,0.944128,0.021922
15,2,22,22,1.0,0.974835,0.880656,0.011346,0.866022,0.907933,0.041911,0.826058,0.016425
15,3,22,22,1.0,0.976234,0.99028,0.005723,0.978926,0.999432,0.020506,0.987008,0.011558
15,4,22,22,1.0,0.997176,1.00906,0.01352,0.989451,1.038715,0.049264,1.01031,0.013951
15,5,22,22,1.0,0.969833,1.016248,0.008065,0.992774,1.029219,0.036445,1.089222,0.016622
15,7,22,22,1.0,0.955218,0.926133,0.008026,0.909623,0.946655,0.037032,0.833059,0.019307
15,8,22,22,1.0,0.95886,1.041765,0.012229,1.005996,1.060993,0.054996,1.102117,0.022848
15,9,22,22,1.0,0.979289,0.989892,0.008682,0.971259,1.010748,0.039489,0.965259,0.019016
15,10,22,22,1.0,0.962586,0.929221,0.012463,0.905788,0.948236,0.042448,0.863421,0.015088
15,11,22,22,1.0,0.971385,0.921836,0.014495,0.881014,0.938407,0.057393,0.872969,0.030081
15,12,22,22,1.0,0.989582,1.121211,0.008169,1.105367,1.133934,0.028568,1.09122,0.016663
15,13,20,22,0.909091,0.92444,0.873442,0.037913,0.826357,0.948593,0.122236,0.728565,0.108495
15,14,22,22,1.0,0.944109,0.898778,0.052255,0.809818,0.999848,0.19003,0.878062,0.083977
